Blood Type,(Avg) Patients arrived,CI arrivals,(Avg) Patients activated,CI activations,(Avg) Patients dead,CI deaths,(Avg) Patients reneged,CI reneges,Avg delay,CI delay,Avg # in the node,CI # in the node
0,4197.587302,+/-15.448754,0.460317,+/-0.148826,1105.603175,+/-7.467220,3091.444444,+/-14.256278,0.000000,+/-0.000000,95.904840,+/-7.665728
A,2876.650794,+/-12.641891,1.111111,+/-0.248210,752.523810,+/-6.560324,2122.920635,+/-10.838126,0.000000,+/-0.000000,95.904840,+/-7.665728
B,1290.603175,+/-8.328469,0.714286,+/-0.228095,338.222222,+/-4.429475,951.603175,+/-7.629180,0.000000,+/-0.000000,95.904840,+/-7.665728
AB,345.698413,+/-5.019567,19.412698,+/-2.748305,86.238095,+/-2.742745,238.380952,+/-4.115813,0.000000,+/-0.000000,95.904840,+/-7.665728
