Blood Type,(Avg) Patients arrived,CI arrivals,(Avg) Patients activated,CI activations,(Avg) Patients dead,CI deaths,(Avg) Patients reneged,CI reneges,Avg delay,CI delay,Avg # in the node,CI # in the node
0,4197.603175,+/-15.453117,0.095238,+/-0.074522,1105.682540,+/-7.386403,3091.777778,+/-14.248717,0.000000,+/-0.000000,167.088949,+/-17.760159
A,2876.650794,+/-12.676155,0.253968,+/-0.127684,752.746032,+/-6.495934,2123.476190,+/-10.789363,0.000000,+/-0.000000,167.088949,+/-17.760159
B,1290.619048,+/-8.325507,0.126984,+/-0.095869,338.460317,+/-4.308981,951.952381,+/-8.034996,0.000000,+/-0.000000,167.088949,+/-17.760159
AB,345.698413,+/-5.030764,16.698413,+/-2.386072,86.365079,+/-2.774853,239.126984,+/-3.928114,0.000000,+/-0.000000,167.088949,+/-17.760159
