Blood Type,(Avg) Patients arrived,CI arrivals,(Avg) Patients activated,CI activations,(Avg) Patients dead,CI deaths,(Avg) Patients reneged,CI reneges,Avg delay,CI delay,Avg # in the node,CI # in the node
0,4197.603175,+/-15.416929,47.301587,+/-1.471732,1092.984127,+/-7.901612,3057.269841,+/-14.321960,0.000000,+/-0.000000,115.290505,+/-17.892113
A,2876.650794,+/-12.652325,33.047619,+/-1.429269,744.142857,+/-6.398650,2099.396825,+/-10.621818,0.000000,+/-0.000000,115.290505,+/-17.892113
B,1290.619048,+/-8.295594,14.222222,+/-0.969554,334.476190,+/-4.079972,941.904762,+/-8.419747,0.000000,+/-0.000000,115.290505,+/-17.892113
AB,345.698413,+/-5.031780,16.952381,+/-2.187814,86.333333,+/-2.828058,239.079365,+/-4.105827,0.000000,+/-0.000000,115.290505,+/-17.892113
