Blood Type,(Avg) Patients arrived,CI arrivals,(Avg) Patients activated,CI activations,(Avg) Patients dead,CI deaths,(Avg) Patients reneged,CI reneges,Avg delay,CI delay,Avg # in the node,CI # in the node
0,4197.587302,+/-15.448158,47.301587,+/-1.471732,1092.984127,+/-7.906659,3057.269841,+/-14.329172,0.000000,+/-0.000000,118.972340,+/-18.461593
A,2876.650794,+/-12.659115,33.095238,+/-1.418698,744.142857,+/-6.394651,2099.333333,+/-10.608177,0.000000,+/-0.000000,118.972340,+/-18.461593
B,1290.619048,+/-8.309395,14.222222,+/-0.969554,334.476190,+/-4.074452,941.904762,+/-8.430554,0.000000,+/-0.000000,118.972340,+/-18.461593
AB,345.698413,+/-5.030764,16.777778,+/-2.176570,86.349206,+/-2.854400,239.079365,+/-4.092850,0.000000,+/-0.000000,118.972340,+/-18.461593
