Blood Type,(Avg) Patients arrived,CI arrivals,(Avg) Patients activated,CI activations,(Avg) Patients dead,CI deaths,(Avg) Patients reneged,CI reneges,Avg delay,CI delay,Avg # in the node,CI # in the node
0,4197.603175,+/-15.436293,0.047619,+/-0.054064,1105.714286,+/-7.334645,3091.841270,+/-14.261474,0.000000,+/-0.000000,167.201952,+/-17.673252
A,2876.650794,+/-12.654670,0.174603,+/-0.115673,752.746032,+/-6.543478,2123.555556,+/-10.840813,0.000000,+/-0.000000,167.201952,+/-17.673252
B,1290.619048,+/-8.290537,0.063492,+/-0.061905,338.460317,+/-4.430948,951.984127,+/-8.090451,0.000000,+/-0.000000,167.201952,+/-17.673252
AB,345.698413,+/-5.031374,17.000000,+/-2.632468,86.365079,+/-2.782584,239.126984,+/-3.937739,0.000000,+/-0.000000,167.201952,+/-17.673252
