Blood Type,(Avg) Patients arrived,CI arrivals,(Avg) Patients activated,CI activations,(Avg) Patients dead,CI deaths,(Avg) Patients reneged,CI reneges,Avg delay,CI delay,Avg # in the node,CI # in the node
0,4197.603175,+/-15.434106,47.317460,+/-1.471864,1092.920635,+/-7.931180,3057.301587,+/-14.312201,0.000000,+/-0.000000,122.950967,+/-18.971508
A,2876.650794,+/-12.655640,33.047619,+/-1.425686,744.174603,+/-6.412015,2099.365079,+/-10.609074,0.000000,+/-0.000000,122.950967,+/-18.971508
B,1290.619048,+/-8.297691,14.238095,+/-0.971946,334.460317,+/-4.071681,941.904762,+/-8.425213,0.000000,+/-0.000000,122.950967,+/-18.971508
AB,345.698413,+/-5.033407,16.698413,+/-2.196776,86.349206,+/-2.856549,239.079365,+/-4.092101,0.000000,+/-0.000000,122.950967,+/-18.971508
