Blood type,Priority,Number of transplants,CI # transplants,Successful transplants,CI successful,Rejected transplants,CI rejected,Rejection percentage,Avg # in the node,CI # in the node
0,critical,16.825397,+/-1.079487,14.174603,+/-0.956910,2.634921,+/-0.415311,15.740741,711.724487,+/-0.001073
0,normal,6757.492063,+/-20.923573,5868.809524,+/-25.151215,883.587302,+/-6.845390,13.083260,711.724487,+/-0.001073
A,critical,9.000000,+/-0.819205,7.857143,+/-0.729160,1.111111,+/-0.286476,12.392427,711.724487,+/-0.001073
A,normal,4699.349206,+/-23.229128,4085.269841,+/-21.437880,610.206349,+/-7.353134,12.991568,711.724487,+/-0.001073
B,critical,5.158730,+/-0.651114,4.555556,+/-0.525127,0.587302,+/-0.189951,11.280488,711.724487,+/-0.001073
B,normal,2061.904762,+/-16.593408,1795.841270,+/-14.895211,264.492063,+/-4.421946,12.869560,711.724487,+/-0.001073
AB,critical,1.968254,+/-0.381055,1.619048,+/-0.318013,0.333333,+/-0.150021,17.600000,711.724487,+/-0.001073
AB,normal,887.142857,+/-8.733000,771.571429,+/-7.983558,115.063492,+/-2.991155,12.974867,711.724487,+/-0.001073
