Blood type,Priority,Number of transplants,CI # transplants,Successful transplants,CI successful,Rejected transplants,CI rejected,Rejection percentage,Avg # in the node,CI # in the node
0,critical,16.777778,+/-1.202249,14.444444,+/-0.976214,2.317460,+/-0.426309,13.683224,711.727361,+/-0.001073
0,normal,6760.126984,+/-20.685510,5880.349206,+/-22.521232,874.587302,+/-7.343873,12.945588,711.727361,+/-0.001073
A,critical,9.222222,+/-0.899494,7.984127,+/-0.714470,1.238095,+/-0.305831,13.322091,711.727361,+/-0.001073
A,normal,4699.333333,+/-22.639517,4082.301587,+/-22.363030,613.095238,+/-6.873738,13.060593,711.727361,+/-0.001073
B,critical,5.206349,+/-0.593499,4.603175,+/-0.464690,0.603175,+/-0.224073,11.869436,711.727361,+/-0.001073
B,normal,2061.666667,+/-17.239652,1788.746032,+/-15.989275,271.476190,+/-4.774784,13.198847,711.727361,+/-0.001073
AB,critical,1.730159,+/-0.410117,1.476190,+/-0.312917,0.253968,+/-0.142812,14.285714,711.727361,+/-0.001073
AB,normal,884.269841,+/-8.989337,769.174603,+/-7.735577,114.365079,+/-2.952057,12.931461,711.727361,+/-0.001073
