Blood type,Priority,Number of transplants,CI # transplants,Successful transplants,CI successful,Rejected transplants,CI rejected,Rejection percentage,Avg # in the node,CI # in the node
0,critical,21.317460,+/-1.416613,14.888889,+/-1.045373,6.380952,+/-0.825956,29.970545,2051.694882,+/-0.001093
0,normal,7178.000000,+/-40.083644,5041.047619,+/-37.482350,2120.761905,+/-16.595443,29.617584,2051.694882,+/-0.001093
A,critical,9.444444,+/-1.072106,7.984127,+/-0.746676,1.460317,+/-0.438143,15.371901,2051.694882,+/-0.001093
A,normal,4568.666667,+/-30.999829,3754.174603,+/-30.266378,804.380952,+/-8.944526,17.645304,2051.694882,+/-0.001093
B,critical,6.761905,+/-0.806258,4.809524,+/-0.571902,1.952381,+/-0.457790,28.873239,2051.694882,+/-0.001093
B,normal,2128.349206,+/-24.449609,1569.841270,+/-17.392619,554.031746,+/-9.071781,26.084781,2051.694882,+/-0.001093
AB,critical,1.761905,+/-0.467269,1.476190,+/-0.289128,0.269841,+/-0.193004,15.044248,2051.694882,+/-0.001093
AB,normal,542.619048,+/-42.882693,473.222222,+/-34.713512,68.476190,+/-5.555722,12.637569,2051.694882,+/-0.001093
