Blood type,Priority,Number of transplants,CI # transplants,Successful transplants,CI successful,Rejected transplants,CI rejected,Rejection percentage,Avg # in the node,CI # in the node
0,critical,21.333333,+/-1.445334,14.730159,+/-1.051321,6.587302,+/-0.790782,30.955882,1145.651809,+/-0.001085
0,normal,7178.968254,+/-36.423078,5045.619048,+/-29.434229,2121.222222,+/-14.775447,29.592106,1145.651809,+/-0.001085
A,critical,9.460317,+/-0.899927,7.857143,+/-0.753991,1.587302,+/-0.363655,16.721854,1145.651809,+/-0.001085
A,normal,4562.412698,+/-27.825458,3751.761905,+/-25.929158,807.571429,+/-10.500560,17.721120,1145.651809,+/-0.001085
B,critical,5.904762,+/-0.786995,4.333333,+/-0.517715,1.571429,+/-0.442531,26.470588,1145.651809,+/-0.001085
B,normal,2131.603175,+/-22.465398,1581.634921,+/-17.356178,546.793651,+/-7.729970,25.698037,1145.651809,+/-0.001085
AB,critical,1.682540,+/-0.369765,1.444444,+/-0.319134,0.238095,+/-0.133528,14.018692,1145.651809,+/-0.001085
AB,normal,545.587302,+/-44.020774,475.746032,+/-38.338517,69.841270,+/-5.671326,12.795745,1145.651809,+/-0.001085
