Blood type,Priority,Number of transplants,CI # transplants,Successful transplants,CI successful,Rejected transplants,CI rejected,Rejection percentage,Avg # in the node,CI # in the node
0,critical,16.603175,+/-1.124056,14.333333,+/-0.958470,2.269841,+/-0.424820,13.760603,707.044242,+/-0.001074
0,normal,6755.031746,+/-23.325675,5872.904762,+/-26.998451,876.968254,+/-7.329418,12.992933,707.044242,+/-0.001074
A,critical,9.444444,+/-0.855583,8.206349,+/-0.607132,1.238095,+/-0.372217,13.188648,707.044242,+/-0.001074
A,normal,4702.206349,+/-20.944015,4084.253968,+/-18.121281,614.095238,+/-6.976408,13.078471,707.044242,+/-0.001074
B,critical,5.349206,+/-0.719701,4.650794,+/-0.579545,0.698413,+/-0.277492,12.941176,707.044242,+/-0.001074
B,normal,2063.206349,+/-16.478613,1792.047619,+/-14.102578,269.746032,+/-4.274213,13.070880,707.044242,+/-0.001074
AB,critical,1.793651,+/-0.392144,1.523810,+/-0.322576,0.269841,+/-0.158033,14.655172,707.044242,+/-0.001074
AB,normal,883.587302,+/-9.612162,770.444444,+/-8.626681,112.523810,+/-2.626187,12.768591,707.044242,+/-0.001074
