Blood type,Priority,Number of transplants,CI # transplants,Successful transplants,CI successful,Rejected transplants,CI rejected,Rejection percentage,Avg # in the node,CI # in the node
0,critical,16.793651,+/-1.170966,14.523810,+/-0.922418,2.253968,+/-0.433785,13.463324,711.658457,+/-0.001074
0,normal,6744.095238,+/-22.431182,5861.746032,+/-22.416823,877.301587,+/-8.593633,13.017568,711.658457,+/-0.001074
A,critical,8.968254,+/-0.768919,7.809524,+/-0.656825,1.142857,+/-0.309630,12.908778,711.658457,+/-0.001074
A,normal,4699.650794,+/-21.082230,4085.539683,+/-21.077069,610.396825,+/-7.320280,13.009015,711.658457,+/-0.001074
B,critical,5.206349,+/-0.674198,4.571429,+/-0.532741,0.634921,+/-0.227525,12.462908,711.658457,+/-0.001074
B,normal,2063.873016,+/-15.120042,1791.825397,+/-14.163461,270.619048,+/-4.780046,13.106914,711.658457,+/-0.001074
AB,critical,1.730159,+/-0.362447,1.555556,+/-0.306043,0.174603,+/-0.124203,10.091743,711.658457,+/-0.001074
AB,normal,897.238095,+/-12.926176,781.222222,+/-11.397681,115.349206,+/-3.261535,12.886706,711.658457,+/-0.001074
