Blood type,Priority,(Avg) Patients arrived,CI arrivals,(Avg) Patients dead,CI deaths,(Avg) Patients reneged,CI reneges,Patients in queue,Avg inter-arrival times,CI inter-arrival times,Avg wait,CI wait,Avg delay,CI delay,Avg service time,CI service time,Avg # in the node,CI # in the node,Avg # in the queue,CI # in the queue,Utilization,CI utilization
0,critical,16.809524,+/-1.177673,0.015873,+/-0.031730,0.000000,+/-0.000000,0.000000,21.416494,+/-0.191032,0.000202,+/-0.000004,0.000001,+/-0.000000,0.000201,+/-0.000004,0.003742,+/-0.000076,0.000012,+/-0.000002,0.001953,+/-0.000006
0,normal,12494.126984,+/-23.009979,940.920635,+/-7.991061,1439.714286,+/-9.737652,215467.000000,0.029213,+/-0.000006,2915.117243,+/-419.370544,2915.063226,+/-419.370552,0.054017,+/-0.000024,53981.879402,+/-7773.484670,53980.879443,+/-7773.484659,0.031984,+/-0.000000
A,critical,8.968254,+/-0.768919,0.000000,+/-0.000000,0.000000,+/-0.000000,0.000000,41.601434,+/-0.543617,0.000083,+/-0.000002,0.000000,+/-0.000000,0.000082,+/-0.000002,0.001069,+/-0.000020,0.000002,+/-0.000000,0.001045,+/-0.000000
A,normal,8217.523810,+/-20.073412,474.793651,+/-6.045872,816.920635,+/-7.974915,142466.000000,0.044465,+/-0.000020,2749.898059,+/-398.748968,2749.820723,+/-398.748916,0.077335,+/-0.000073,35504.589161,+/-5140.717697,35503.589174,+/-5140.717694,0.031984,+/-0.000000
B,critical,5.206349,+/-0.674198,0.000000,+/-0.000000,0.000000,+/-0.000000,0.000000,79.825398,+/-10.654346,0.000151,+/-0.000005,0.000001,+/-0.000000,0.000151,+/-0.000005,0.000865,+/-0.000031,0.000003,+/-0.000001,0.000939,+/-0.000001
B,normal,3797.365079,+/-18.089036,282.428571,+/-4.674939,431.158730,+/-4.845046,65274.000000,0.095828,+/-0.000097,2858.043218,+/-413.598518,2857.868134,+/-413.598286,0.175084,+/-0.000287,16274.875012,+/-2340.778820,16273.875162,+/-2340.778781,0.031982,+/-0.000005
AB,critical,1.730159,+/-0.362447,0.000000,+/-0.000000,0.000000,+/-0.000000,0.000000,184.267771,+/-9.392711,0.000065,+/-0.000003,0.000000,+/-0.000000,0.000065,+/-0.000003,0.000159,+/-0.000007,0.000000,+/-0.000000,0.000404,+/-0.000000
AB,normal,1005.571429,+/-20.870499,38.444444,+/-1.714551,69.523810,+/-2.891680,49.000000,0.364750,+/-0.001141,7.588287,+/-1.074055,7.227993,+/-1.073208,0.360294,+/-0.002959,18.708542,+/-2.689404,17.825939,+/-2.684722,0.030049,+/-0.055920
