Blood type,Priority,(Avg) Patients arrived,CI arrivals,(Avg) Patients dead,CI deaths,(Avg) Patients reneged,CI reneges,Patients in queue,Avg inter-arrival times,CI inter-arrival times,Avg wait,CI wait,Avg delay,CI delay,Avg service time,CI service time,Avg # in the node,CI # in the node,Avg # in the queue,CI # in the queue,Utilization,CI utilization
0,critical,16.603175,+/-1.124056,0.000000,+/-0.000000,0.000000,+/-0.000000,0.000000,21.839263,+/-0.186256,0.000201,+/-0.000002,0.000001,+/-0.000000,0.000200,+/-0.000002,0.003725,+/-0.000037,0.000014,+/-0.000002,0.001948,+/-0.000001
0,normal,12445.619048,+/-23.223811,937.126984,+/-6.999067,1441.190476,+/-9.838347,211816.000000,0.029326,+/-0.000007,2854.379419,+/-410.677502,2854.325464,+/-410.677515,0.053955,+/-0.000028,52931.624014,+/-7623.230566,52930.624055,+/-7623.230555,0.031984,+/-0.000000
A,critical,9.444444,+/-0.854387,0.000000,+/-0.000000,0.000000,+/-0.000000,0.000000,38.927162,+/-0.462855,0.000095,+/-0.000002,0.000000,+/-0.000000,0.000095,+/-0.000002,0.001233,+/-0.000027,0.000001,+/-0.000000,0.001123,+/-0.000001
A,normal,8194.317460,+/-21.640713,471.603175,+/-5.988813,819.365079,+/-7.936209,140829.000000,0.044640,+/-0.000040,2711.730041,+/-392.716524,2711.652686,+/-392.716497,0.077355,+/-0.000046,35027.989385,+/-5069.104768,35026.989398,+/-5069.104765,0.031984,+/-0.000000
B,critical,5.349206,+/-0.719701,0.000000,+/-0.000000,0.000000,+/-0.000000,0.000000,79.719471,+/-10.233638,0.000152,+/-0.000007,0.000000,+/-0.000000,0.000152,+/-0.000007,0.000869,+/-0.000039,0.000000,+/-0.000000,0.000943,+/-0.000002
B,normal,3782.365079,+/-18.274880,284.746032,+/-3.908134,430.714286,+/-4.763323,64127.000000,0.096150,+/-0.000097,2818.046976,+/-407.232664,2817.871993,+/-407.232404,0.174983,+/-0.000360,16050.425555,+/-2306.888396,16049.425706,+/-2306.888356,0.031982,+/-0.000005
AB,critical,1.793651,+/-0.392144,0.000000,+/-0.000000,0.000000,+/-0.000000,0.000000,190.314762,+/-7.984793,0.000079,+/-0.000003,0.000000,+/-0.000000,0.000079,+/-0.000003,0.000192,+/-0.000007,0.000000,+/-0.000000,0.000443,+/-0.000000
AB,normal,992.587302,+/-9.003941,38.603175,+/-1.407713,70.269841,+/-2.187710,2.000000,0.366594,+/-0.000509,4.371812,+/-0.215642,3.994372,+/-0.214950,0.377440,+/-0.000791,10.626749,+/-0.529031,9.709659,+/-0.526843,0.030630,+/-0.006145
