Blood type,Priority,(Avg) Patients arrived,CI arrivals,(Avg) Patients dead,CI deaths,(Avg) Patients reneged,CI reneges,Patients in queue,Avg inter-arrival times,CI inter-arrival times,Avg wait,CI wait,Avg delay,CI delay,Avg service time,CI service time,Avg # in the node,CI # in the node,Avg # in the queue,CI # in the queue,Utilization,CI utilization
0,critical,16.825397,+/-1.079487,0.000000,+/-0.000000,0.000000,+/-0.000000,0.000000,21.999606,+/-0.132799,0.000203,+/-0.000003,0.000000,+/-0.000000,0.000203,+/-0.000003,0.003765,+/-0.000056,0.000003,+/-0.000001,0.001962,+/-0.000003
0,normal,12455.793651,+/-24.355746,935.841270,+/-8.393644,1433.523810,+/-8.047645,212856.000000,0.029334,+/-0.000005,2859.304853,+/-411.638007,2859.250899,+/-411.638031,0.053954,+/-0.000041,53047.196755,+/-7644.937594,53046.196796,+/-7644.937583,0.031984,+/-0.000000
A,critical,9.000000,+/-0.819205,0.000000,+/-0.000000,0.000000,+/-0.000000,0.000000,40.402790,+/-0.523524,0.000098,+/-0.000001,0.000000,+/-0.000000,0.000098,+/-0.000001,0.001264,+/-0.000020,0.000001,+/-0.000000,0.001137,+/-0.000000
A,normal,8185.746032,+/-20.850355,469.380952,+/-5.681819,817.936508,+/-6.595629,140603.000000,0.044640,+/-0.000027,2713.437162,+/-393.525713,2713.359775,+/-393.525667,0.077386,+/-0.000082,35015.969317,+/-5075.799328,35014.969329,+/-5075.799325,0.031984,+/-0.000000
B,critical,5.158730,+/-0.651114,0.000000,+/-0.000000,0.000000,+/-0.000000,0.000000,74.321525,+/-2.797282,0.000137,+/-0.000006,0.000000,+/-0.000000,0.000137,+/-0.000006,0.000780,+/-0.000032,0.000000,+/-0.000000,0.000893,+/-0.000001
B,normal,3777.079365,+/-18.369910,283.539683,+/-4.566927,428.317460,+/-4.692219,64264.000000,0.096243,+/-0.000103,2816.818556,+/-407.438779,2816.643598,+/-407.438483,0.174958,+/-0.000436,16038.442439,+/-2306.511478,16037.442590,+/-2306.511439,0.031982,+/-0.000005
AB,critical,1.968254,+/-0.381055,0.000000,+/-0.000000,0.000000,+/-0.000000,0.000000,170.314146,+/-8.373813,0.000099,+/-0.000005,0.000000,+/-0.000000,0.000099,+/-0.000005,0.000241,+/-0.000012,0.000000,+/-0.000000,0.000496,+/-0.000000
AB,normal,995.857143,+/-8.762821,39.111111,+/-1.579993,69.444444,+/-2.401944,5.000000,0.365787,+/-0.000404,4.509852,+/-0.221568,4.132656,+/-0.220860,0.377196,+/-0.000780,10.992377,+/-0.551700,10.073966,+/-0.548666,0.030652,+/-0.009334
