Blood type,Priority,(Avg) Patients arrived,CI arrivals,(Avg) Patients dead,CI deaths,(Avg) Patients reneged,CI reneges,Patients in queue,Avg inter-arrival times,CI inter-arrival times,Avg wait,CI wait,Avg delay,CI delay,Avg service time,CI service time,Avg # in the node,CI # in the node,Avg # in the queue,CI # in the queue,Utilization,CI utilization
0,critical,21.317460,+/-1.416613,0.000000,+/-0.000000,0.000000,+/-0.000000,0.000000,17.059544,+/-0.180530,0.000077,+/-0.000002,0.000000,+/-0.000000,0.000077,+/-0.000002,0.001514,+/-0.000031,0.000000,+/-0.000000,0.001245,+/-0.000001
0,normal,13747.126984,+/-27.010035,945.793651,+/-7.428709,1444.523810,+/-8.771456,267139.000000,0.026626,+/-0.000014,3375.280918,+/-486.442962,3375.230137,+/-486.442976,0.050781,+/-0.000031,66506.056758,+/-9601.993206,66505.056819,+/-9601.993190,0.031984,+/-0.000001
A,critical,9.444444,+/-1.072106,0.000000,+/-0.000000,0.000000,+/-0.000000,0.000000,39.932824,+/-0.436548,0.000050,+/-0.000001,0.000000,+/-0.000000,0.000050,+/-0.000001,0.000624,+/-0.000011,0.000001,+/-0.000000,0.000798,+/-0.000000
A,normal,8411.698413,+/-24.738596,469.761905,+/-5.313235,813.634921,+/-7.865252,163826.000000,0.043466,+/-0.000041,3260.794918,+/-470.143000,3260.715146,+/-470.143036,0.079772,+/-0.000066,40917.498208,+/-5906.768114,40916.498245,+/-5906.768104,0.031984,+/-0.000000
B,critical,6.761905,+/-0.806258,0.000000,+/-0.000000,0.000000,+/-0.000000,0.000000,53.306192,+/-1.862424,0.000087,+/-0.000003,0.000000,+/-0.000000,0.000087,+/-0.000003,0.000516,+/-0.000018,0.000000,+/-0.000000,0.000727,+/-0.000000
B,normal,4079.396825,+/-18.665156,286.428571,+/-3.825791,428.444444,+/-5.462488,78997.000000,0.089174,+/-0.000103,3345.553214,+/-484.147626,3345.384107,+/-484.147295,0.169107,+/-0.000377,19696.133007,+/-2829.012825,19695.133192,+/-2829.012777,0.031982,+/-0.000008
AB,critical,1.761905,+/-0.467269,0.000000,+/-0.000000,0.000000,+/-0.000000,0.000000,181.733722,+/-9.353919,0.000092,+/-0.000005,0.000000,+/-0.000000,0.000092,+/-0.000005,0.000141,+/-0.000008,0.000000,+/-0.000000,0.000380,+/-0.000000
AB,normal,946.428571,+/-8.965123,42.793651,+/-2.018912,75.492063,+/-2.483236,18337.000000,0.384418,+/-0.000392,2913.198615,+/-451.659974,2912.543660,+/-451.655984,0.654954,+/-0.005295,4384.733536,+/-666.140501,4383.734017,+/-666.140380,0.031977,+/-0.000052
