Blood Type,(Avg) Patients arrived,CI arrivals,(Avg) Patients activated,CI activations,(Avg) Patients dead,CI deaths,(Avg) Patients reneged,CI reneges,Avg delay,CI delay,Avg # in the node,CI # in the node
0,41963.992308,+/-38.245107,480.084615,+/-3.602377,10843.323077,+/-18.439798,30640.584615,+/-32.545830,0.000000,+/-0.000000,21.623910,+/-3.127060
A,28857.607692,+/-30.182561,334.046154,+/-2.973257,7443.369231,+/-15.700664,21080.192308,+/-25.067852,0.000000,+/-0.000000,21.623910,+/-3.127060
B,12868.692308,+/-18.809311,149.023077,+/-2.043350,3313.046154,+/-11.068677,9406.623077,+/-14.574329,0.000000,+/-0.000000,21.623910,+/-3.127060
AB,3445.338462,+/-10.918767,66.892308,+/-3.512031,890.192308,+/-5.591651,2488.253846,+/-8.118809,0.000000,+/-0.000000,21.623910,+/-3.127060
