Blood Type,(Avg) Patients arrived,CI arrivals,(Avg) Patients activated,CI activations,(Avg) Patients dead,CI deaths,(Avg) Patients reneged,CI reneges,Avg delay,CI delay,Avg # in the node,CI # in the node
0,41963.992308,+/-38.245107,480.069231,+/-3.601026,10843.430769,+/-18.420238,30640.492308,+/-32.552947,0.000000,+/-0.000000,21.849133,+/-3.189367
A,28857.607692,+/-30.182561,334.076923,+/-2.989757,7443.376923,+/-15.659623,21080.153846,+/-25.145813,0.000000,+/-0.000000,21.849133,+/-3.189367
B,12868.692308,+/-18.809311,149.069231,+/-2.033011,3313.046154,+/-10.957358,9406.576923,+/-14.626714,0.000000,+/-0.000000,21.849133,+/-3.189367
AB,3445.338462,+/-10.918767,66.961538,+/-3.517222,890.123077,+/-5.527957,2488.253846,+/-8.080624,0.000000,+/-0.000000,21.849133,+/-3.189367
