Blood type,Priority,Number of transplants,CI # transplants,Successful transplants,CI successful,Rejected transplants,CI rejected,Rejection percentage,Avg # in the node,CI # in the node
0,critical,211.107692,+/-3.426990,148.846154,+/-2.095797,62.261538,+/-1.829387,34.274194,1437.213567,+/-0.000250
0,normal,99444.776923,+/-288.010896,70992.569231,+/-215.096037,28452.207692,+/-78.633358,28.637951,1437.213567,+/-0.000250
A,critical,97.846154,+/-1.976808,80.407692,+/-1.477135,17.438462,+/-0.877938,17.857143,1437.213567,+/-0.000250
A,normal,62328.453846,+/-151.296877,51534.676923,+/-125.096094,10793.776923,+/-31.403140,17.455793,1437.213567,+/-0.000250
B,critical,60.753846,+/-2.016974,45.338462,+/-1.375819,15.415385,+/-0.909485,25.000000,1437.213567,+/-0.000250
B,normal,28919.115385,+/-61.552373,21656.592308,+/-43.566201,7262.523077,+/-23.157020,25.138074,1437.213567,+/-0.000250
AB,critical,16.161538,+/-0.804052,14.053846,+/-0.649395,2.107692,+/-0.284395,13.333333,1437.213567,+/-0.000250
AB,normal,7577.653846,+/-20.150916,6595.007692,+/-19.120559,982.646154,+/-5.835383,11.999470,1437.213567,+/-0.000250
