Blood type,Priority,(Avg) Patients arrived,CI arrivals,(Avg) Patients dead,CI deaths,(Avg) Patients reneged,CI reneges,Patients in queue,Avg inter-arrival times,CI inter-arrival times,Avg wait,CI wait,Avg delay,CI delay,Avg service time,CI service time,Avg # in the node,CI # in the node,Avg # in the queue,CI # in the queue,Utilization,CI utilization
0,critical,211.161538,+/-3.424234,0.015385,+/-0.021440,0.038462,+/-0.033500,0.000000,34.139600,+/-0.576756,0.000054,+/-0.000001,0.000000,+/-0.000000,0.000054,+/-0.000001,0.000754,+/-0.000016,0.000001,+/-0.000001,0.000419,+/-0.000001
0,normal,145008.930769,+/-429.220667,17991.961538,+/-62.319503,27572.192308,+/-94.930689,0.000000,0.049278,+/-0.000096,1479.119293,+/-7.135225,1479.049248,+/-7.135257,0.070044,+/-0.000134,20509.450986,+/-121.823977,20508.479940,+/-121.823722,0.015055,+/-0.007710
A,critical,97.869231,+/-1.977744,0.000000,+/-0.000000,0.023077,+/-0.026156,0.000000,74.028356,+/-1.569208,0.000040,+/-0.000001,0.000000,+/-0.000000,0.000040,+/-0.000001,0.000351,+/-0.000009,0.000000,+/-0.000000,0.000286,+/-0.000000
A,normal,86894.000000,+/-214.909429,8959.053846,+/-31.160699,15606.492308,+/-52.218354,0.000000,0.082231,+/-0.000142,1415.238010,+/-7.776491,1415.126637,+/-7.776458,0.111372,+/-0.000205,12291.628414,+/-71.767318,12290.661187,+/-71.767013,0.015026,+/-0.007405
B,critical,60.753846,+/-2.016974,0.000000,+/-0.000000,0.000000,+/-0.000000,0.000000,122.738756,+/-5.086926,0.000054,+/-0.000002,0.000000,+/-0.000000,0.000054,+/-0.000002,0.000219,+/-0.000009,0.000000,+/-0.000000,0.000226,+/-0.000000
B,normal,42590.653846,+/-46.838064,5456.530769,+/-15.518901,8215.007692,+/-22.360916,0.000000,0.167762,+/-0.000398,1481.772749,+/-12.744501,1481.532148,+/-12.743729,0.240602,+/-0.000876,5970.840309,+/-31.295989,5969.870425,+/-31.295611,0.015046,+/-0.007165
AB,critical,16.161538,+/-0.804052,0.000000,+/-0.000000,0.000000,+/-0.000000,0.000000,488.986647,+/-32.294186,0.000056,+/-0.000004,0.000000,+/-0.000000,0.000056,+/-0.000004,0.000059,+/-0.000004,0.000000,+/-0.000000,0.000117,+/-0.000000
AB,normal,9704.923077,+/-18.575713,769.484615,+/-5.550974,1357.784615,+/-9.441714,0.000000,0.736289,+/-0.002017,1033.987685,+/-19.528998,1033.129813,+/-19.524332,0.857873,+/-0.005990,1091.335409,+/-18.130425,1090.429319,+/-18.126821,0.014543,+/-0.124211
