Blood type,Priority,Number of transplants,CI # transplants,Successful transplants,CI successful,Rejected transplants,CI rejected,Rejection percentage,Avg # in the node,CI # in the node
0,critical,210.084615,+/-3.415650,147.915385,+/-2.112059,62.169231,+/-1.946186,28.712871,791.227944,+/-0.000249
0,normal,99219.592308,+/-95.290329,70819.884615,+/-68.696797,28399.707692,+/-40.107870,28.588116,791.227944,+/-0.000249
A,critical,97.223077,+/-2.061072,80.138462,+/-1.592575,17.084615,+/-0.890093,23.300971,791.227944,+/-0.000249
A,normal,62259.807692,+/-54.557208,51477.538462,+/-47.222767,10782.269231,+/-21.441549,17.434512,791.227944,+/-0.000249
B,critical,61.069231,+/-1.994878,45.815385,+/-1.281335,15.253846,+/-0.969495,22.727273,791.227944,+/-0.000249
B,normal,28935.615385,+/-54.071540,21671.284615,+/-39.559423,7264.330769,+/-20.691476,25.051185,791.227944,+/-0.000249
AB,critical,16.176923,+/-0.764668,14.115385,+/-0.615560,2.061538,+/-0.303076,15.789474,791.227944,+/-0.000249
AB,normal,7585.523077,+/-20.354041,6595.100000,+/-19.136757,990.423077,+/-5.210587,12.714133,791.227944,+/-0.000249
