Patients arrived,Patients activated,Patients dead,Patients reneged,Avg delay,CI delay,Avg # in the node,CI # in the node
55649.000000,21984.000000,23740.000000,9925.000000,1764.986782,+/-405964.093264,7284.176641,+/-1416.555275
