Patients arrived,Patients activated,Patients dead,Patients reneged,Avg delay,CI delay,Avg # in the node,CI # in the node
93529.000000,43409.000000,35031.000000,15089.000000,1601.280164,+/-247218.943817,7696.635941,+/-1178.628168
