Blood type,Patients activated,Avg delay,CI delay,Avg # in the node,CI # in the node
0,2442.000000,163763.899883,+/-187119.462501,7649.049542,+/-1469.472234
A,1632.000000,163763.899883,+/-187119.462501,7649.049542,+/-1469.472234
B,796.000000,163763.899883,+/-187119.462501,7649.049542,+/-1469.472234
AB,191.000000,163763.899883,+/-187119.462501,7649.049542,+/-1469.472234
