Patients arrived,Patients activated,Patients dead,Patients reneged,Avg delay,CI delay,Avg # in the node,CI # in the node
37057.000000,11609.000000,18025.000000,7423.000000,2046.697719,+/-215383.675791,7069.174824,+/-1388.305346
