Blood type,Patients activated,Avg delay,CI delay,Avg # in the node,CI # in the node
0,27201.000000,704.869364,+/-40.377498,10632.423375,+/-1109.607892
A,18528.000000,704.869364,+/-40.377498,10632.423375,+/-1109.607892
B,8442.000000,704.869364,+/-40.377498,10632.423375,+/-1109.607892
AB,2173.000000,704.869364,+/-40.377498,10632.423375,+/-1109.607892
