Blood type,Patients activated,Avg delay,CI delay,Avg # in the node,CI # in the node
0,2442.000000,163777.957825,+/-187138.957338,7649.399867,+/-1469.542746
A,1632.000000,163777.957825,+/-187138.957338,7649.399867,+/-1469.542746
B,796.000000,163777.957825,+/-187138.957338,7649.399867,+/-1469.542746
AB,191.000000,163777.957825,+/-187138.957338,7649.399867,+/-1469.542746
