Blood type,Patients activated,Avg delay,CI delay,Avg # in the node,CI # in the node
0,2442.000000,nan,+/-nan,7649.385488,+/-1469.553525
A,1632.000000,nan,+/-nan,7649.385488,+/-1469.553525
B,796.000000,nan,+/-nan,7649.385488,+/-1469.553525
AB,191.000000,nan,+/-nan,7649.385488,+/-1469.553525
