Blood type,Patients activated,Avg delay,CI delay,Avg # in the node,CI # in the node
0,0.000000,0.000000,+/-0.000000,0.000000,+/-0.000000
A,0.000000,0.000000,+/-0.000000,0.000000,+/-0.000000
B,0.000000,0.000000,+/-0.000000,0.000000,+/-0.000000
AB,0.000000,0.000000,+/-0.000000,0.000000,+/-0.000000
