Blood type,Patients activated,Avg delay,CI delay,Avg # in the node,CI # in the node
0,2442.000000,163775.102890,+/-187137.360366,7649.265401,+/-1469.547048
A,1632.000000,163775.102890,+/-187137.360366,7649.265401,+/-1469.547048
B,796.000000,163775.102890,+/-187137.360366,7649.265401,+/-1469.547048
AB,191.000000,163775.102890,+/-187137.360366,7649.265401,+/-1469.547048
