Blood type,Patients activated,Avg delay,CI delay,Avg # in the node,CI # in the node
0,2442.000000,163778.088779,+/-187138.565434,7649.370322,+/-1469.563373
A,1632.000000,163778.088779,+/-187138.565434,7649.370322,+/-1469.563373
B,796.000000,163778.088779,+/-187138.565434,7649.370322,+/-1469.563373
AB,191.000000,163778.088779,+/-187138.565434,7649.370322,+/-1469.563373
