Blood type,Patients activated,Avg delay,CI delay,Avg # in the node,CI # in the node
0,0.000000,0.000000,+/-0.000000,2679.567598,+/-943.829434
A,0.000000,0.000000,+/-0.000000,2679.567598,+/-943.829434
B,0.000000,0.000000,+/-0.000000,2679.567598,+/-943.829434
AB,0.000000,0.000000,+/-0.000000,2679.567598,+/-943.829434
