(Avg) Patients arrived,CI arrivals,(Avg) Patients activated,CI activations,(Avg) Patients dead,CI deaths,(Avg) Patients reneged,CI reneges,Avg delay,CI delay,Avg # in the node,CI # in the node
748372.946309,+/-27476500618603.562500,5057.147651,+/-1504257076.751678,194094.194631,+/-1839838497501.355957,547595.805369,+/-14721765174005.355469,7947.775281,+/-3317.872292,955.679213,+/-58.158199
