Patients arrived,Patients activated,Patients dead,Patients reneged,Avg delay,CI delay,Avg # in the node,CI # in the node
55649.000000,22025.000000,23713.000000,9911.000000,1761.077194,+/-405893.020032,8054.660218,+/-1415.886763
