Blood type,Patients activated,Avg delay,CI delay,Avg # in the node,CI # in the node
0,27430.000000,698.344901,+/-40.597096,10679.970424,+/-1112.390482
A,18893.000000,698.344901,+/-40.597096,10679.970424,+/-1112.390482
B,8400.000000,698.344901,+/-40.597096,10679.970424,+/-1112.390482
AB,2083.000000,698.344901,+/-40.597096,10679.970424,+/-1112.390482
