Blood type,Patients activated,Avg delay,CI delay,Avg # in the node,CI # in the node
0,2442.000000,163778.900904,+/-187139.342904,7649.458458,+/-1469.544135
A,1632.000000,163778.900904,+/-187139.342904,7649.458458,+/-1469.544135
B,796.000000,163778.900904,+/-187139.342904,7649.458458,+/-1469.544135
AB,191.000000,163778.900904,+/-187139.342904,7649.458458,+/-1469.544135
