Blood type,Patients activated,Avg delay,CI delay,Avg # in the node,CI # in the node
0,12206.000000,99004.952910,+/-111969.206072,11500.500566,+/-1515.839723
A,8424.000000,99004.952910,+/-111969.206072,11500.500566,+/-1515.839723
B,3799.000000,99004.952910,+/-111969.206072,11500.500566,+/-1515.839723
AB,1030.000000,99004.952910,+/-111969.206072,11500.500566,+/-1515.839723
