Blood type,Patients activated,Avg delay,CI delay,Avg # in the node,CI # in the node
0,27201.000000,704.873842,+/-40.374859,10632.441900,+/-1109.590134
A,18528.000000,704.873842,+/-40.374859,10632.441900,+/-1109.590134
B,8442.000000,704.873842,+/-40.374859,10632.441900,+/-1109.590134
AB,2173.000000,704.873842,+/-40.374859,10632.441900,+/-1109.590134
