Blood type,Priority,Patients arrived,Patients dead,Patients reneged,Patients in queue,WL Avg inter-arrival times,WL Avg wait,WL Avg delay,WL Avg service time,WL Avg # in the node,WL Avg # in the queue,WL utilization
0,critical,479.000000,83.000000,346.000000,0.000000,2.286026,0.009644,0.000003,0.009640,0.004219,0.000001,0.004217
0,normal,37077.000000,6713.000000,26846.000000,0.000000,0.029533,0.013582,0.004288,0.009295,0.459893,0.145179,0.314714
0,low,2442.000000,441.000000,1837.000000,0.000000,0.448406,0.010388,0.000923,0.009465,0.023167,0.002057,0.021109
A,critical,262.000000,56.000000,185.000000,0.000000,4.179413,0.009462,0.000000,0.009462,0.002264,0.000000,0.002264
A,normal,24868.000000,4579.000000,18285.000000,1.000000,0.044033,0.012002,0.002550,0.009452,0.272578,0.057920,0.214658
A,low,1632.000000,326.000000,1216.000000,0.000000,0.670960,0.010844,0.000950,0.009894,0.016162,0.001416,0.014747
B,critical,50.000000,11.000000,38.000000,0.000000,21.900125,0.009663,0.000000,0.009663,0.000441,0.000000,0.000441
B,normal,11118.000000,2256.000000,8583.000000,0.000000,0.098489,0.011388,0.001168,0.010220,0.115626,0.011863,0.103763
B,low,796.000000,130.000000,641.000000,0.000000,1.375636,0.010038,0.000319,0.009719,0.007297,0.000232,0.007065
AB,critical,5.000000,1.000000,4.000000,0.000000,219.001250,0.014381,0.000000,0.014381,0.000066,0.000000,0.000066
AB,normal,2880.000000,561.000000,2301.000000,0.000000,0.380211,0.010317,0.000307,0.010010,0.027135,0.000808,0.026327
AB,low,191.000000,27.000000,160.000000,0.000000,5.733017,0.010367,0.000044,0.010323,0.001808,0.000008,0.001801

Blood type,Organs arrived,Organs outdated,Organs in queue,OB Avg inter-arrival times,OB Avg wait,OB Avg delay,OB Avg service time,OB Avg # in the node,OB Avg # in the queue
0,11349.000000,1101.000000,6516.000000,0.096485,323.118340,323.021856,0.096484,3348.903294,3347.903298
A,8849.000000,1130.000000,5605.000000,0.123744,349.583048,349.459312,0.123735,2825.061854,2824.061920
B,2840.000000,1070.000000,1465.000000,0.385566,273.141456,272.756087,0.385369,708.417631,707.418142
AB,780.000000,758.000000,0.000000,1.403854,2.555233,1.606057,0.949176,1.820155,1.144034

ACT Avg # in the node,ACT utilization
14739.091150,14739.091150

Successful transplants,Rejected transplants,TX Avg # in the node,TX utilization
5380.000000,682.000000,100.300093,100.300093
