Blood type,Priority,Patients arrived,Patients dead,Patients reneged,Patients in queue,WL Avg inter-arrival times,WL Avg wait,WL Avg delay,WL Avg service time,WL Avg # in the node,WL Avg # in the queue,WL utilization
0,critical,989.000000,166.000000,730.000000,0.000000,1.107179,0.009764,0.000124,0.009639,0.008818,0.000112,0.008706
0,normal,29633.000000,5437.000000,21368.000000,0.000000,0.036952,0.013518,0.004216,0.009301,0.365813,0.114106,0.251707
0,low,2061.000000,374.000000,1541.000000,0.000000,0.531296,0.010469,0.000959,0.009510,0.019705,0.001805,0.017900
A,critical,721.000000,129.000000,542.000000,0.000000,1.518725,0.009957,0.000142,0.009814,0.006556,0.000094,0.006462
A,normal,18449.000000,3429.000000,13581.000000,0.000000,0.059353,0.011836,0.002453,0.009384,0.199426,0.041322,0.158104
A,low,1296.000000,252.000000,956.000000,0.000000,0.844908,0.010830,0.000837,0.009994,0.012818,0.000990,0.011828
B,critical,230.000000,43.000000,182.000000,0.000000,4.760871,0.009930,0.000053,0.009876,0.002086,0.000011,0.002075
B,normal,8949.000000,1800.000000,6910.000000,0.000000,0.122360,0.011329,0.001111,0.010218,0.092589,0.009077,0.083512
B,low,663.000000,105.000000,544.000000,0.000000,1.651584,0.010495,0.000443,0.010052,0.006354,0.000268,0.006086
AB,critical,64.000000,11.000000,53.000000,0.000000,17.109381,0.009210,0.000000,0.009210,0.000538,0.000000,0.000538
AB,normal,2369.000000,465.000000,1892.000000,0.000000,0.462221,0.010333,0.000373,0.009959,0.022354,0.000808,0.021547
AB,low,155.000000,20.000000,133.000000,0.000000,7.064519,0.010653,0.000062,0.010591,0.001508,0.000009,0.001499

Blood type,Organs arrived,Organs outdated,Organs in queue,OB Avg inter-arrival times,OB Avg wait,OB Avg delay,OB Avg service time,OB Avg # in the node,OB Avg # in the queue
0,11349.000000,211.000000,0.000000,0.096484,0.027488,0.007842,0.019646,0.284894,0.081277
A,8849.000000,282.000000,0.000000,0.123743,0.046792,0.014659,0.032133,0.378138,0.118460
B,2840.000000,219.000000,0.000000,0.385564,0.097429,0.022245,0.075185,0.252693,0.057694
AB,780.000000,210.000000,0.000000,1.403847,0.309436,0.056912,0.252524,0.220420,0.040540

ACT Avg # in the node,ACT utilization
14739.033290

Successful transplants,Rejected transplants,TX Avg # in the node,TX utilization
20071.000000,2442.000000,373.475649
