Blood type,Priority,Patients arrived,Patients dead,Patients reneged,Patients in queue,WL Avg inter-arrival times,WL Avg wait,WL Avg delay,WL Avg service time,WL Avg # in the node,WL Avg # in the queue,WL utilization
0,critical,46.000000,0.000000,0.000000,0.000000,47.608315,0.034943,0.000000,0.034943,0.000734,0.000000,0.000734
0,normal,37056.000000,2898.000000,9388.000000,5366.000000,0.059099,116.454727,116.425177,0.029550,1970.477313,1969.977315,0.499997
0,low,14774.000000,3826.000000,10949.000000,2.000000,0.148232,0.359826,0.298387,0.061440,2.427429,2.012951,0.414478
A,critical,37.000000,0.000000,0.000000,0.000000,59.188716,0.092465,0.002799,0.089666,0.001562,0.000047,0.001515
A,normal,24863.000000,1555.000000,6924.000000,5893.000000,0.088082,190.793898,190.749857,0.044041,2166.076495,2165.576498,0.499997
A,low,10186.000000,2441.000000,7742.000000,4.000000,0.214999,0.738474,0.643728,0.094746,3.434748,2.994071,0.440677
B,critical,18.000000,0.000000,0.000000,0.000000,121.665694,0.313941,0.000000,0.313941,0.002580,0.000000,0.002580
B,normal,11134.000000,834.000000,2867.000000,6465.000000,0.196693,473.540124,473.441777,0.098347,2407.486048,2406.986051,0.499997
B,low,4533.000000,1158.000000,3375.000000,3.000000,0.483120,1.187156,0.987317,0.199839,2.457250,2.043610,0.413640
AB,critical,3.000000,0.000000,0.000000,0.000000,729.994166,0.815501,0.000000,0.815501,0.001117,0.000000,0.001117
AB,normal,2915.000000,127.000000,701.000000,1980.000000,0.751280,558.548415,558.172773,0.375641,743.455813,742.955815,0.499997
AB,low,1219.000000,259.000000,938.000000,26.000000,1.796540,36.241758,35.343485,0.898273,20.172919,19.672921,0.499997

Blood type,Organs arrived,Organs outdated,Organs in queue,OB Avg inter-arrival times,OB Avg wait,OB Avg delay,OB Avg service time,OB Avg # in the node,OB Avg # in the queue
0,22066.000000,0.000000,0.000000,0.099248,0.000000,0.000000,0.000000,0.000000,0.000000
A,13424.000000,0.000000,0.000000,0.163141,0.000000,0.000000,0.000000,0.000000,0.000000
B,4238.000000,0.000000,0.000000,0.516753,0.000000,0.000000,0.000000,0.000000,0.000000
AB,1132.000000,0.000000,0.000000,1.934629,0.000000,0.000000,0.000000,0.000000,0.000000

ACT Avg # in the node
12832.968995

Successful transplants,Rejected transplants,TX Avg # in the node
40202.000000,0.000000,332.969027
