Blood type,Priority,Patients arrived,Patients dead,Patients reneged,Patients in queue,WL Avg inter-arrival times,WL Avg wait,WL Avg delay,WL Avg service time,WL Avg # in the node,WL Avg # in the queue,WL utilization
0,critical,1270.000000,0.000000,0.000000,0.000000,0.862210,0.112968,0.013454,0.099514,0.131022,0.015604,0.115417
0,normal,37077.000000,2913.000000,9520.000000,14566.000000,0.029533,215.244615,215.215084,0.029531,7288.200017,7287.200095,0.999922
0,low,2442.000000,593.000000,1846.000000,3.000000,0.448406,0.159202,0.099631,0.059571,0.355040,0.222190,0.132850
A,critical,986.000000,0.000000,1.000000,0.000000,1.110554,0.132358,0.016391,0.115967,0.119182,0.014759,0.104422
A,normal,24868.000000,1527.000000,7087.000000,8392.000000,0.044033,187.762806,187.718791,0.044014,4264.163286,4263.163704,0.999583
A,low,1632.000000,402.000000,1229.000000,1.000000,0.670960,0.358690,0.261639,0.097051,0.534592,0.389947,0.144644
B,critical,305.000000,0.000000,0.000000,0.000000,3.590184,0.448948,0.058296,0.390652,0.125049,0.016238,0.108811
B,normal,11118.000000,868.000000,2730.000000,4985.000000,0.098489,249.293044,249.194569,0.098475,2531.163692,2530.163842,0.999851
B,low,796.000000,180.000000,613.000000,3.000000,1.375636,0.597226,0.403244,0.193982,0.434145,0.293132,0.141013
AB,critical,96.000000,0.000000,0.000000,1.000000,11.406315,1.295165,0.141162,1.154003,0.113548,0.012376,0.101172
AB,normal,2880.000000,151.000000,731.000000,1314.000000,0.380211,249.671774,249.291736,0.380037,656.667218,655.667673,0.999545
AB,low,191.000000,32.000000,155.000000,4.000000,5.733017,5.070105,4.113863,0.956242,0.884369,0.717574,0.166796

Blood type,Organs arrived,Organs outdated,Organs in queue,OB Avg inter-arrival times,OB Avg wait,OB Avg delay,OB Avg service time,OB Avg # in the node,OB Avg # in the queue,OB utilization
0,11349.000000,1.000000,0.000000,0.096485,0.000041,0.000000,0.000041,0.000426,0.000000,0.000426
A,8849.000000,2.000000,0.000000,0.123744,0.000185,0.000079,0.000105,0.001492,0.000641,0.000851
B,2840.000000,0.000000,0.000000,0.385566,0.000000,0.000000,0.000000,0.000000,0.000000,0.000000
AB,780.000000,1.000000,0.000000,1.403854,0.000641,0.000000,0.000641,0.000457,0.000000,0.000457

ACT Avg # in the node,ACT Avg # in the queue,ACT utilization
14739.091150,0.000000,0.999968

Successful transplants,Rejected transplants,TX Avg # in the node,TX Avg # in the queue,TX utilization
20882.000000,2543.000000,388.627750,0.000000,0.999983
