Blood type,Priority,Patients arrived,Patients dead,Patients reneged,Patients in queue,WL Avg inter-arrival times,WL Avg wait,WL Avg delay,WL Avg service time,WL Avg # in the node,WL Avg # in the queue,WL utilization
0,critical,71.000000,0.000000,0.000000,0.000000,15.422623,0.160029,0.005789,0.154240,0.010376,0.000375,0.010001
0,normal,37077.000000,2868.000000,9503.000000,24705.000000,0.029533,365.344656,365.315125,0.029531,12370.599529,12369.599607,0.999922
0,low,2442.000000,593.000000,1846.000000,3.000000,0.448406,0.159202,0.099631,0.059571,0.355040,0.222190,0.132850
A,critical,1101.000000,0.000000,1.000000,0.000000,0.994556,0.062329,0.003662,0.058667,0.062670,0.003682,0.058988
A,normal,24868.000000,1504.000000,7024.000000,7237.000000,0.044033,161.363603,161.319586,0.044017,3664.627562,3663.627919,0.999644
A,low,1632.000000,402.000000,1229.000000,1.000000,0.670960,0.358690,0.261639,0.097051,0.534592,0.389947,0.144644
B,critical,1026.000000,0.000000,0.000000,0.000000,1.067258,0.087090,0.006354,0.080737,0.081602,0.005953,0.075649
B,normal,11118.000000,673.000000,2213.000000,4.000000,0.098489,0.352082,0.274415,0.077667,3.574820,2.786238,0.788582
B,low,796.000000,172.000000,572.000000,3.000000,1.375636,0.463314,0.280013,0.183301,0.336800,0.203552,0.133248
AB,critical,351.000000,0.000000,0.000000,0.000000,3.119676,0.048066,0.000773,0.047293,0.015407,0.000248,0.015159
AB,normal,2880.000000,16.000000,109.000000,0.000000,0.380211,0.061495,0.008871,0.052624,0.161740,0.023333,0.138407
AB,low,191.000000,12.000000,59.000000,1.000000,5.733017,0.649713,0.196620,0.453093,0.113328,0.034296,0.079032

Blood type,Organs arrived,Organs outdated,Organs in queue,OB Avg inter-arrival times,OB Avg wait,OB Avg delay,OB Avg service time,OB Avg # in the node,OB Avg # in the queue,OB utilization
0,11349.000000,1.000000,0.000000,0.096485,0.000041,0.000000,0.000041,0.000426,0.000000,0.000426
A,8849.000000,2.000000,0.000000,0.123744,0.000185,0.000079,0.000105,0.001492,0.000641,0.000851
B,2840.000000,410.000000,0.000000,0.385566,0.340810,0.194670,0.146140,0.883921,0.504893,0.379028
AB,780.000000,601.000000,1.000000,1.403854,1.727959,0.940784,0.787175,1.230868,0.670144,0.560724

ACT Avg # in the node,ACT Avg # in the queue,ACT utilization
14739.091150,0.000000,0.999968

Successful transplants,Rejected transplants,TX Avg # in the node,TX Avg # in the queue,TX utilization
19980.000000,2435.000000,371.932225,0.000000,0.999983
