Blood type,Priority,Patients arrived,Patients dead,Patients reneged,Patients in queue,WL Avg inter-arrival times,WL Avg wait,WL Avg delay,WL Avg service time,WL Avg # in the node,WL Avg # in the queue,WL utilization
0,critical,202.000000,0.000000,0.000000,0.000000,18.069349,0.041714,0.000000,0.041714,0.002309,0.000000,0.002309
0,normal,123838.000000,9689.000000,31675.000000,9161.000000,0.029474,132.929880,132.900406,0.029473,4510.063680,4509.063706,0.999973
0,low,37077.000000,9459.000000,27616.000000,2.000000,0.098444,0.334720,0.273834,0.060886,3.400104,2.781623,0.618481
A,critical,101.000000,0.000000,0.000000,0.000000,36.138697,0.090295,0.002217,0.088078,0.002499,0.000061,0.002437
A,normal,82641.000000,4934.000000,23462.000000,9325.000000,0.044167,211.891970,211.847810,0.044160,4797.513385,4796.513555,0.999830
A,low,25498.000000,6133.000000,19362.000000,3.000000,0.143149,0.693808,0.599306,0.094502,4.846759,4.186591,0.660168
B,critical,56.000000,0.000000,0.000000,0.000000,65.178722,0.292813,0.000000,0.292813,0.004492,0.000000,0.004492
B,normal,37310.000000,2915.000000,9397.000000,10909.000000,0.097829,527.560419,527.462594,0.097825,5392.666786,5391.666830,0.999955
B,low,11449.000000,2889.000000,8559.000000,1.000000,0.318806,1.163726,0.964183,0.199544,3.650266,3.024356,0.625910
AB,critical,11.000000,0.000000,0.000000,0.000000,331.818948,0.694113,0.000000,0.694113,0.002092,0.000000,0.002092
AB,normal,9707.000000,420.000000,2386.000000,3403.000000,0.376018,627.914529,627.538591,0.375937,1669.904728,1668.904943,0.999785
AB,low,2981.000000,650.000000,2283.000000,48.000000,1.224424,27.370732,26.466426,0.904306,22.353963,21.615406,0.738557

Blood type,Organs arrived,Organs outdated,Organs in queue,OB Avg inter-arrival times,OB Avg wait,OB Avg delay,OB Avg service time,OB Avg # in the node,OB Avg # in the queue
0,73517.000000,0.000000,0.000000,0.049648,0.000001,0.000000,0.000001,0.000019,0.000000
A,45028.000000,0.000000,0.000000,0.081061,0.000009,0.000003,0.000006,0.000110,0.000036
B,14145.000000,0.000000,0.000000,0.258042,0.000000,0.000000,0.000000,0.000000,0.000000
AB,3510.000000,0.000000,0.000000,1.039888,0.000003,0.000000,0.000003,0.000003,0.000000

ACT Avg # in the node,ACT utilization
22431.680610

Successful transplants,Rejected transplants,TX Avg # in the node,TX utilization
135554.000000,0.000000,670.490016
