Blood type,Priority,Successful transplants,Rejected transplants,Rejection percentage,Avg # in the node,CI # in the node
0,critical,195.000000,46.000000,19.087137,2126.431673,+/-19.205860
0,normal,96896.000000,23415.000000,19.462061,2126.431673,+/-19.205860
A,critical,100.000000,26.000000,20.634921,2126.431673,+/-19.205860
A,normal,68373.000000,16630.000000,19.564015,2126.431673,+/-19.205860
B,critical,62.000000,13.000000,17.333333,2126.431673,+/-19.205860
B,normal,30154.000000,7337.000000,19.570030,2126.431673,+/-19.205860
AB,critical,25.000000,2.000000,7.407407,2126.431673,+/-19.205860
AB,normal,8612.000000,2226.000000,20.538845,2126.431673,+/-19.205860
