Blood type,Priority,Successful transplants,Rejected transplants,Rejection percentage,Avg # in the node,CI # in the node
0,critical,193.000000,0.000000,0.000000,848.185116,+/-9.106937
0,normal,115581.000000,0.000000,0.000000,848.185116,+/-9.106937
A,critical,106.000000,0.000000,0.000000,848.185116,+/-9.106937
A,normal,77366.000000,0.000000,0.000000,848.185116,+/-9.106937
B,critical,96.000000,0.000000,0.000000,848.185116,+/-9.106937
B,normal,30873.000000,0.000000,0.000000,848.185116,+/-9.106937
AB,critical,29.000000,0.000000,0.000000,848.185116,+/-9.106937
AB,normal,8531.000000,0.000000,0.000000,848.185116,+/-9.106937
