Blood type,Priority,Successful transplants,Rejected transplants,Rejection percentage,Avg # in the node,CI # in the node
0,critical,119.000000,34.000000,22.222222,2000.949864,+/-55.474220
0,normal,78512.000000,19157.000000,19.614207,2000.949864,+/-55.474220
A,critical,69.000000,24.000000,25.806452,2000.949864,+/-55.474220
A,normal,56027.000000,13580.000000,19.509532,2000.949864,+/-55.474220
B,critical,35.000000,11.000000,23.913043,2000.949864,+/-55.474220
B,normal,24402.000000,5839.000000,19.308224,2000.949864,+/-55.474220
AB,critical,20.000000,6.000000,23.076923,2000.949864,+/-55.474220
AB,normal,5789.000000,1331.000000,18.693820,2000.949864,+/-55.474220
