Blood type,Priority,Successful transplant,Rejected transplant,Rejection percentage,Avg # in the node,CI # in the node
0,critical,188.000000,38.000000,16.814159,2033.045450,+/-17.218957
0,normal,90557.000000,22063.000000,19.590659,2033.045450,+/-17.218957
A,critical,105.000000,27.000000,20.454545,2033.045450,+/-17.218957
A,normal,64783.000000,15673.000000,19.480213,2033.045450,+/-17.218957
B,critical,49.000000,10.000000,16.949153,2033.045450,+/-17.218957
B,normal,28146.000000,6951.000000,19.805112,2033.045450,+/-17.218957
AB,critical,24.000000,0.000000,0.000000,2033.045450,+/-17.218957
AB,normal,8207.000000,1942.000000,19.134890,2033.045450,+/-17.218957
