Blood type,Priority,Successful transplants,Rejected transplants,Rejection percentage,Avg # in the node,CI # in the node
0,critical,0.000000,0.000000,0.000000,746.694506,+/-2.766686
0,normal,0.000000,0.000000,0.000000,746.694506,+/-2.766686
A,critical,0.000000,0.000000,0.000000,746.694506,+/-2.766686
A,normal,0.000000,0.000000,0.000000,746.694506,+/-2.766686
B,critical,0.000000,0.000000,0.000000,746.694506,+/-2.766686
B,normal,0.000000,0.000000,0.000000,746.694506,+/-2.766686
AB,critical,0.000000,0.000000,0.000000,746.694506,+/-2.766686
AB,normal,0.000000,0.000000,0.000000,746.694506,+/-2.766686
