Blood type,Priority,Successful transplant,Rejected transplant,Rejection percentage,Avg # in the node,CI # in the node
0,critical,2656.000000,421.000000,13.682158,712.672280,+/-0.205152
0,normal,882028.000000,132168.000000,13.031801,712.672280,+/-0.205152
A,critical,1523.000000,180.000000,10.569583,712.672280,+/-0.205152
A,normal,623329.000000,93154.000000,13.001565,712.672280,+/-0.205152
B,critical,779.000000,116.000000,12.960894,712.672280,+/-0.205152
B,normal,267618.000000,40287.000000,13.084231,712.672280,+/-0.205152
AB,critical,218.000000,39.000000,15.175097,712.672280,+/-0.205152
AB,normal,107128.000000,15970.000000,12.973403,712.672280,+/-0.205152
