Blood type,Priority,Successful transplants,Rejected transplants,Rejection percentage,Avg # in the node,CI # in the node
0,critical,193.000000,25.000000,11.467890,737.122843,+/-4.776271
0,normal,98577.000000,14893.000000,13.125055,737.122843,+/-4.776271
A,critical,104.000000,19.000000,15.447154,737.122843,+/-4.776271
A,normal,69679.000000,10521.000000,13.118454,737.122843,+/-4.776271
B,critical,55.000000,10.000000,15.384615,737.122843,+/-4.776271
B,normal,30738.000000,4597.000000,13.009764,737.122843,+/-4.776271
AB,critical,27.000000,7.000000,20.588235,737.122843,+/-4.776271
AB,normal,9398.000000,1395.000000,12.925044,737.122843,+/-4.776271
