Blood type,Priority,Successful transplant,Rejected transplant,Rejection percentage,Avg # in the node,CI # in the node
0,critical,532.000000,101.000000,15.955766,712.241979,+/-1.069081
0,normal,175991.000000,26492.000000,13.083568,712.241979,+/-1.069081
A,critical,292.000000,43.000000,12.835821,712.241979,+/-1.069081
A,normal,124401.000000,18552.000000,12.977692,712.241979,+/-1.069081
B,critical,152.000000,24.000000,13.636364,712.241979,+/-1.069081
B,normal,53959.000000,8126.000000,13.088508,712.241979,+/-1.069081
AB,critical,54.000000,11.000000,16.923077,712.241979,+/-1.069081
AB,normal,21622.000000,3238.000000,13.024940,712.241979,+/-1.069081
