Blood type,Priority,Successful transplant,Rejected transplant,Rejection percentage,Avg # in the node,CI # in the node
0,critical,182.000000,24.000000,11.650485,710.954879,+/-2.029187
0,normal,92361.000000,13841.000000,13.032711,710.954879,+/-2.029187
A,critical,103.000000,12.000000,10.434783,710.954879,+/-2.029187
A,normal,65998.000000,9969.000000,13.122803,710.954879,+/-2.029187
B,critical,52.000000,10.000000,16.129032,710.954879,+/-2.029187
B,normal,28657.000000,4379.000000,13.255237,710.954879,+/-2.029187
AB,critical,23.000000,2.000000,8.000000,710.954879,+/-2.029187
AB,normal,8730.000000,1275.000000,12.743628,710.954879,+/-2.029187
