Blood type,Priority,Successful transplant,Rejected transplant,Rejection percentage,Avg # in the node,CI # in the node
0,critical,191.000000,29.000000,13.181818,746.369235,+/-2.915848
0,normal,98397.000000,14846.000000,13.109861,746.369235,+/-2.915848
A,critical,109.000000,12.000000,9.917355,746.369235,+/-2.915848
A,normal,69314.000000,10386.000000,13.031368,746.369235,+/-2.915848
B,critical,55.000000,11.000000,16.666667,746.369235,+/-2.915848
B,normal,30953.000000,4701.000000,13.185056,746.369235,+/-2.915848
AB,critical,28.000000,6.000000,17.647059,746.369235,+/-2.915848
AB,normal,9377.000000,1419.000000,13.143757,746.369235,+/-2.915848
