Blood type,Priority,Successful transplant,Rejected transplant,Rejection percentage,Avg # in the node,CI # in the node
0,critical,183.000000,42.000000,11.475410,1821.308576,+/-0.011135
0,normal,79780.000000,19239.000000,12.057533,1821.308576,+/-0.011135
A,critical,91.000000,25.000000,13.736264,1821.308576,+/-0.011135
A,normal,59008.000000,14244.000000,12.069550,1821.308576,+/-0.011135
B,critical,55.000000,13.000000,11.818182,1821.308576,+/-0.011135
B,normal,23958.000000,5840.000000,12.187996,1821.308576,+/-0.011135
AB,critical,17.000000,2.000000,5.882353,1821.308576,+/-0.011135
AB,normal,7486.000000,1725.000000,11.521507,1821.308576,+/-0.011135
