Blood type,Priority,Successful transplants,Rejected transplants,Rejection percentage,Avg # in the node,CI # in the node
0,critical,0.000000,0.000000,0.000000,2129.169615,+/-18.018905
0,normal,0.000000,0.000000,0.000000,2129.169615,+/-18.018905
A,critical,0.000000,0.000000,0.000000,2129.169615,+/-18.018905
A,normal,0.000000,0.000000,0.000000,2129.169615,+/-18.018905
B,critical,0.000000,0.000000,0.000000,2129.169615,+/-18.018905
B,normal,0.000000,0.000000,0.000000,2129.169615,+/-18.018905
AB,critical,0.000000,0.000000,0.000000,2129.169615,+/-18.018905
AB,normal,0.000000,0.000000,0.000000,2129.169615,+/-18.018905
