Blood type,Priority,Successful transplant,Rejected transplant,Rejection percentage,Avg # in the node,CI # in the node
0,critical,266.000000,45.000000,14.469453,711.632057,+/-1.359712
0,normal,138298.000000,20877.000000,13.115753,711.632057,+/-1.359712
A,critical,148.000000,24.000000,13.953488,711.632057,+/-1.359712
A,normal,99161.000000,14801.000000,12.987663,711.632057,+/-1.359712
B,critical,74.000000,9.000000,10.843373,711.632057,+/-1.359712
B,normal,42712.000000,6458.000000,13.134025,711.632057,+/-1.359712
AB,critical,33.000000,4.000000,10.810811,711.632057,+/-1.359712
AB,normal,13325.000000,2001.000000,13.056244,711.632057,+/-1.359712
