Blood type,Priority,Successful transplant,Rejected transplant,Rejection percentage,Avg # in the node,CI # in the node
0,critical,168.000000,22.000000,6.547619,649.834289,+/-0.013732
0,normal,77126.000000,12498.000000,8.102326,649.834289,+/-0.013732
A,critical,85.000000,17.000000,10.000000,649.834289,+/-0.013732
A,normal,55886.000000,8987.000000,8.040475,649.834289,+/-0.013732
B,critical,42.000000,6.000000,7.142857,649.834289,+/-0.013732
B,normal,23300.000000,3698.000000,7.935622,649.834289,+/-0.013732
AB,critical,16.000000,3.000000,9.375000,649.834289,+/-0.013732
AB,normal,7268.000000,1196.000000,8.227848,649.834289,+/-0.013732
