Blood type,Priority,Successful transplants,Rejected transplants,Rejection percentage,Avg # in the node,CI # in the node
0,critical,186.000000,18.000000,8.823529,744.910429,+/-4.688451
0,normal,60764.000000,9210.000000,13.162032,744.910429,+/-4.688451
A,critical,105.000000,11.000000,9.482759,744.910429,+/-4.688451
A,normal,42402.000000,6343.000000,13.012617,744.910429,+/-4.688451
B,critical,54.000000,8.000000,12.903226,744.910429,+/-4.688451
B,normal,18682.000000,2875.000000,13.336735,744.910429,+/-4.688451
AB,critical,25.000000,3.000000,10.714286,744.910429,+/-4.688451
AB,normal,9120.000000,1333.000000,12.752320,744.910429,+/-4.688451
