Blood type,Priority,Successful transplants,Rejected transplants,Rejection percentage,Avg # in the node,CI # in the node
0,critical,182.000000,32.000000,14.953271,678.634701,+/-4.813058
0,normal,145548.000000,21851.000000,13.053244,678.634701,+/-4.813058
A,critical,102.000000,18.000000,15.000000,678.634701,+/-4.813058
A,normal,101474.000000,15359.000000,13.146115,678.634701,+/-4.813058
B,critical,56.000000,6.000000,9.677419,678.634701,+/-4.813058
B,normal,40263.000000,6104.000000,13.164535,678.634701,+/-4.813058
AB,critical,28.000000,6.000000,17.647059,678.634701,+/-4.813058
AB,normal,8319.000000,1143.000000,12.079899,678.634701,+/-4.813058
