Blood type,Priority,Successful transplants,Rejected transplants,Rejection percentage,Avg # in the node,CI # in the node
0,critical,110.000000,21.000000,16.030534,694.192989,+/-8.057804
0,normal,79742.000000,12026.000000,13.104786,694.192989,+/-8.057804
A,critical,62.000000,10.000000,13.888889,694.192989,+/-8.057804
A,normal,55345.000000,8364.000000,13.128443,694.192989,+/-8.057804
B,critical,30.000000,2.000000,6.250000,694.192989,+/-8.057804
B,normal,21977.000000,3269.000000,12.948586,694.192989,+/-8.057804
AB,critical,15.000000,1.000000,6.250000,694.192989,+/-8.057804
AB,normal,4854.000000,651.000000,11.825613,694.192989,+/-8.057804
