Blood type,Priority,Successful transplant,Rejected transplant,Rejection percentage,Avg # in the node,CI # in the node
0,critical,180.000000,19.000000,5.277778,709.597854,+/-0.076338
0,normal,58976.000000,8791.000000,7.453032,709.597854,+/-0.076338
A,critical,93.000000,8.000000,4.301075,709.597854,+/-0.076338
A,normal,41526.000000,6235.000000,7.507345,709.597854,+/-0.076338
B,critical,51.000000,8.000000,7.843137,709.597854,+/-0.076338
B,normal,17555.000000,2663.000000,7.584734,709.597854,+/-0.076338
AB,critical,17.000000,2.000000,5.882353,709.597854,+/-0.076338
AB,normal,7248.000000,1090.000000,7.519316,709.597854,+/-0.076338
