Blood type,Priority,Successful transplants,Rejected transplants,Rejection percentage,Avg # in the node,CI # in the node
0,critical,0.000000,0.000000,0.000000,123.209720,+/-5.946826
0,normal,0.000000,0.000000,0.000000,123.209720,+/-5.946826
A,critical,0.000000,0.000000,0.000000,123.209720,+/-5.946826
A,normal,0.000000,0.000000,0.000000,123.209720,+/-5.946826
B,critical,0.000000,0.000000,0.000000,123.209720,+/-5.946826
B,normal,0.000000,0.000000,0.000000,123.209720,+/-5.946826
AB,critical,0.000000,0.000000,0.000000,123.209720,+/-5.946826
AB,normal,0.000000,0.000000,0.000000,123.209720,+/-5.946826
