Blood type,Priority,Successful transplants,Rejected transplants,Rejection percentage,Avg # in the node,CI # in the node
0,critical,201.000000,47.000000,18.951613,2032.171121,+/-33.563948
0,normal,93592.000000,22906.000000,19.662140,2032.171121,+/-33.563948
A,critical,104.000000,23.000000,18.110236,2032.171121,+/-33.563948
A,normal,72981.000000,17529.000000,19.366921,2032.171121,+/-33.563948
B,critical,63.000000,23.000000,26.744186,2032.171121,+/-33.563948
B,normal,36209.000000,8938.000000,19.797550,2032.171121,+/-33.563948
AB,critical,28.000000,6.000000,17.647059,2032.171121,+/-33.563948
AB,normal,10078.000000,2431.000000,19.434008,2032.171121,+/-33.563948
