Blood type,Priority,Successful transplant,Rejected transplant,Rejection percentage,Avg # in the node,CI # in the node
0,critical,188.000000,28.000000,12.962963,710.961967,+/-2.014882
0,normal,92489.000000,14138.000000,13.259306,710.961967,+/-2.014882
A,critical,103.000000,13.000000,11.206897,710.961967,+/-2.014882
A,normal,65991.000000,9751.000000,12.873967,710.961967,+/-2.014882
B,critical,50.000000,2.000000,3.846154,710.961967,+/-2.014882
B,normal,28556.000000,4274.000000,13.018581,710.961967,+/-2.014882
AB,critical,23.000000,2.000000,8.000000,710.961967,+/-2.014882
AB,normal,8625.000000,1300.000000,13.098237,710.961967,+/-2.014882
