Blood type,Priority,Successful transplants,Rejected transplants,Rejection percentage,Avg # in the node,CI # in the node
0,critical,110.000000,21.000000,16.030534,696.981752,+/-8.055211
0,normal,79564.000000,12067.000000,13.169124,696.981752,+/-8.055211
A,critical,62.000000,10.000000,13.888889,696.981752,+/-8.055211
A,normal,55583.000000,8257.000000,12.933897,696.981752,+/-8.055211
B,critical,30.000000,2.000000,6.250000,696.981752,+/-8.055211
B,normal,21827.000000,3266.000000,13.015582,696.981752,+/-8.055211
AB,critical,15.000000,1.000000,6.250000,696.981752,+/-8.055211
AB,normal,4881.000000,708.000000,12.667740,696.981752,+/-8.055211
