Blood type,Priority,Successful transplants,Rejected transplants,Rejection percentage,Avg # in the node,CI # in the node
0,critical,67.000000,12.000000,15.189873,694.119307,+/-12.254920
0,normal,24389.000000,3746.000000,13.314377,694.119307,+/-12.254920
A,critical,43.000000,7.000000,14.000000,694.119307,+/-12.254920
A,normal,17078.000000,2482.000000,12.689162,694.119307,+/-12.254920
B,critical,18.000000,1.000000,5.263158,694.119307,+/-12.254920
B,normal,7586.000000,1146.000000,13.124141,694.119307,+/-12.254920
AB,critical,9.000000,1.000000,10.000000,694.119307,+/-12.254920
AB,normal,2853.000000,376.000000,11.644472,694.119307,+/-12.254920
