Blood type,Priority,Successful transplant,Rejected transplant,Rejection percentage,Avg # in the node,CI # in the node
0,critical,279.000000,49.000000,14.939024,2041.531879,+/-11.575657
0,normal,136117.000000,33094.000000,19.557830,2041.531879,+/-11.575657
A,critical,152.000000,43.000000,22.051282,2041.531879,+/-11.575657
A,normal,97356.000000,23501.000000,19.445295,2041.531879,+/-11.575657
B,critical,73.000000,13.000000,15.116279,2041.531879,+/-11.575657
B,normal,41703.000000,10107.000000,19.507817,2041.531879,+/-11.575657
AB,critical,36.000000,5.000000,12.195122,2041.531879,+/-11.575657
AB,normal,12720.000000,3004.000000,19.104554,2041.531879,+/-11.575657
