Blood type,Priority,Successful transplant,Rejected transplant,Rejection percentage,Avg # in the node,CI # in the node
0,critical,193.000000,0.000000,0.000000,848.615866,+/-35.844279
0,normal,115581.000000,0.000000,0.000000,848.615866,+/-35.844279
A,critical,106.000000,0.000000,0.000000,848.615866,+/-35.844279
A,normal,77366.000000,0.000000,0.000000,848.615866,+/-35.844279
B,critical,96.000000,0.000000,0.000000,848.615866,+/-35.844279
B,normal,30873.000000,0.000000,0.000000,848.615866,+/-35.844279
AB,critical,29.000000,0.000000,0.000000,848.615866,+/-35.844279
AB,normal,8531.000000,0.000000,0.000000,848.615866,+/-35.844279
