Blood type,Priority,Successful transplant,Rejected transplant,Rejection percentage,Avg # in the node,CI # in the node
0,critical,187.000000,26.000000,6.951872,603.416592,+/-0.006987
0,normal,97408.000000,14522.000000,7.454213,603.416592,+/-0.006987
A,critical,94.000000,16.000000,8.510638,603.416592,+/-0.006987
A,normal,74723.000000,11295.000000,7.557914,603.416592,+/-0.006987
B,critical,46.000000,12.000000,13.043478,603.416592,+/-0.006987
B,normal,29182.000000,4377.000000,7.499486,603.416592,+/-0.006987
AB,critical,17.000000,4.000000,11.764706,603.416592,+/-0.006987
AB,normal,9694.000000,1364.000000,7.035280,603.416592,+/-0.006987
