Blood type,Priority,Successful transplant,Rejected transplant,Rejection percentage,Avg # in the node,CI # in the node
0,critical,191.000000,30.000000,7.853403,642.294912,+/-0.012280
0,normal,82865.000000,12432.000000,7.501358,642.294912,+/-0.012280
A,critical,92.000000,16.000000,8.695652,642.294912,+/-0.012280
A,normal,60835.000000,9054.000000,7.441440,642.294912,+/-0.012280
B,critical,52.000000,12.000000,11.538462,642.294912,+/-0.012280
B,normal,24809.000000,3716.000000,7.489218,642.294912,+/-0.012280
AB,critical,15.000000,6.000000,20.000000,642.294912,+/-0.012280
AB,normal,8167.000000,1214.000000,7.432350,642.294912,+/-0.012280
