Blood type,Priority,Successful transplant,Rejected transplant,Rejection percentage,Avg # in the node,CI # in the node
0,critical,195.000000,46.000000,19.087137,2126.448585,+/-19.206039
0,normal,96864.000000,23648.000000,19.622942,2126.448585,+/-19.206039
A,critical,100.000000,26.000000,20.634921,2126.448585,+/-19.206039
A,normal,68311.000000,16496.000000,19.451225,2126.448585,+/-19.206039
B,critical,62.000000,13.000000,17.333333,2126.448585,+/-19.206039
B,normal,30258.000000,7338.000000,19.518034,2126.448585,+/-19.206039
AB,critical,25.000000,2.000000,7.407407,2126.448585,+/-19.206039
AB,normal,8642.000000,2135.000000,19.810708,2126.448585,+/-19.206039
