Blood type,Priority,Successful transplants,Rejected transplants,Rejection percentage,Avg # in the node,CI # in the node
0,critical,193.000000,22.000000,10.232558,746.253444,+/-2.911940
0,normal,98465.000000,14884.000000,13.131126,746.253444,+/-2.911940
A,critical,111.000000,20.000000,15.267176,746.253444,+/-2.911940
A,normal,69335.000000,10481.000000,13.131452,746.253444,+/-2.911940
B,critical,57.000000,6.000000,9.523810,746.253444,+/-2.911940
B,normal,30903.000000,4584.000000,12.917406,746.253444,+/-2.911940
AB,critical,29.000000,5.000000,14.705882,746.253444,+/-2.911940
AB,normal,9419.000000,1417.000000,13.076781,746.253444,+/-2.911940
