Blood type,Priority,(Avg) Patients arrived,CI arrivals,(Avg) Patients dead,CI deaths,(Avg) Patients reneged,CI reneges,Patients in queue,Avg inter-arrival times,CI inter-arrival times,Avg wait,CI wait,Avg delay,CI delay,Avg service time,CI service time,Avg # in the node,CI # in the node,Avg # in the queue,CI # in the queue,Utilization,CI utilization
0,critical,20.503356,+/-0.842390,0.006711,+/-0.013263,0.013423,+/-0.018693,0.000000,18.123336,+/-0.069404,0.000314,+/-0.000002,0.000002,+/-0.000000,0.000312,+/-0.000002,0.005830,+/-0.000034,0.000035,+/-0.000006,0.001013,+/-0.000005
0,normal,13850.744966,+/-17.281607,937.973154,+/-5.457353,1442.033557,+/-5.638383,706168.000000,0.026365,+/-0.000002,9506.381869,+/-884.553781,9506.328007,+/-884.553788,0.053862,+/-0.000012,176577.837849,+/-16445.227174,176576.837861,+/-16445.227172,0.013307,+/-0.000000
A,critical,11.369128,+/-0.599375,0.000000,+/-0.000000,0.000000,+/-0.000000,0.000000,32.207265,+/-0.139645,0.000197,+/-0.000004,0.000000,+/-0.000000,0.000196,+/-0.000004,0.002583,+/-0.000052,0.000006,+/-0.000001,0.000675,+/-0.000015
A,normal,9221.651007,+/-15.421337,467.771812,+/-3.218888,816.221477,+/-4.862751,473849.000000,0.039571,+/-0.000012,9045.572580,+/-841.863101,9045.496406,+/-841.863100,0.076174,+/-0.000013,118743.802228,+/-11046.067755,118742.802236,+/-11046.067754,0.013307,+/-0.000000
B,critical,5.939597,+/-0.481359,0.000000,+/-0.000000,0.000000,+/-0.000000,0.000000,62.411661,+/-0.947973,0.000774,+/-0.000011,0.000001,+/-0.000000,0.000773,+/-0.000011,0.004388,+/-0.000060,0.000003,+/-0.000001,0.000881,+/-0.000020
B,normal,4198.114094,+/-11.709583,285.926174,+/-2.464050,430.261745,+/-3.468250,214359.000000,0.086771,+/-0.000053,9458.393132,+/-882.545819,9458.216831,+/-882.545677,0.176301,+/-0.000181,53496.838627,+/-4971.956011,53495.838650,+/-4971.956007,0.013307,+/-0.000001
AB,critical,1.731544,+/-0.239997,0.006711,+/-0.013263,0.000000,+/-0.000000,0.000000,182.369260,+/-4.286838,0.001345,+/-0.000049,0.000000,+/-0.000000,0.001345,+/-0.000049,0.003050,+/-0.000117,0.000000,+/-0.000000,0.000735,+/-0.000077
AB,normal,1161.127517,+/-6.121163,42.624161,+/-0.935963,75.449664,+/-1.338086,33395.000000,0.316054,+/-0.000703,3585.766965,+/-356.561106,3585.325225,+/-356.560569,0.441740,+/-0.000849,8080.196632,+/-801.270177,8079.196723,+/-801.270161,0.013307,+/-0.000009
