Blood type,Priority,(Avg) Patients arrived,CI arrivals,(Avg) Patients dead,CI deaths,(Avg) Patients reneged,CI reneges,Patients in queue,Avg inter-arrival times,CI inter-arrival times,Avg wait,CI wait,Avg delay,CI delay,Avg service time,CI service time,Avg # in the node,CI # in the node,Avg # in the queue,CI # in the queue,Utilization,CI utilization
0,critical,8.230769,+/-4.337172,0.000000,+/-0.000000,0.038462,+/-0.079213,0.000000,26.477592,+/-3.681896,0.000501,+/-0.000034,0.000013,+/-0.000003,0.000488,+/-0.000032,0.008105,+/-0.001053,0.000211,+/-0.000065,0.007177,+/-0.000156
0,normal,5755.307692,+/-2767.810439,938.846154,+/-11.568833,487.769231,+/-9.265147,0.000000,0.038197,+/-0.005309,1879.018531,+/-369.701927,1878.953116,+/-369.697583,0.065415,+/-0.004922,27374.958772,+/-4382.672163,27373.958782,+/-4382.672157,0.080781,+/-0.000000
A,critical,4.230769,+/-2.358793,0.000000,+/-0.000000,0.000000,+/-0.000000,0.000000,51.368564,+/-7.255791,0.000205,+/-0.000014,0.000001,+/-0.000000,0.000204,+/-0.000014,0.002340,+/-0.000259,0.000006,+/-0.000002,0.003903,+/-0.000010
A,normal,4051.807692,+/-1902.515908,470.692308,+/-10.685059,265.692308,+/-7.959170,0.000000,0.055052,+/-0.007321,1849.962549,+/-363.575495,1849.871789,+/-363.570734,0.090760,+/-0.005561,19566.576804,+/-3262.185889,19565.576828,+/-3262.185876,0.080781,+/-0.000000
B,critical,2.230769,+/-1.323972,0.000000,+/-0.000000,0.000000,+/-0.000000,0.000000,93.645787,+/-15.257638,0.000485,+/-0.000067,0.000000,+/-0.000000,0.000485,+/-0.000067,0.002399,+/-0.000476,0.000000,+/-0.000000,0.003957,+/-0.000035
B,normal,1728.576923,+/-828.520634,284.153846,+/-6.218298,146.038462,+/-3.642318,0.000000,0.127374,+/-0.017619,1886.049046,+/-371.212016,1885.830253,+/-371.197864,0.218793,+/-0.016176,8226.662927,+/-1320.186793,8225.662960,+/-1320.186777,0.080780,+/-0.000000
AB,critical,0.807692,+/-0.666332,0.000000,+/-0.000000,0.000000,+/-0.000000,0.000000,255.829827,+/-43.824991,0.000292,+/-0.000061,0.000000,+/-0.000000,0.000292,+/-0.000061,0.000580,+/-0.000157,0.000000,+/-0.000000,0.001946,+/-0.000004
AB,normal,479.730769,+/-230.643974,34.307692,+/-7.362909,20.115385,+/-4.469103,0.000000,0.460314,+/-0.061006,584.762887,+/-114.336833,584.226306,+/-114.304791,0.536581,+/-0.040446,1013.493085,+/-176.620850,1012.521881,+/-176.620912,0.079610,+/-0.095071
