Blood type,Priority,Patients arrived,Patients dead,Patients reneged,Patients in queue,Avg inter-arrival times,CI inter-arrival times,Avg wait,CI wait,Avg delay,CI delay,Avg service time,CI service time,Avg # in the node,CI # in the node,Avg # in the queue,CI # in the queue,Utilization,CI utilization
0,critical,206.000000,0.000000,0.000000,0.000000,17.407660,+/-0.333606,17.496542,+/-0.334349,0.088651,+/-0.001816,17.407891,+/-0.333715,1.005127,+/-0.000116,0.005125,+/-0.000115,0.016431,+/-0.000000
0,normal,145839.000000,9028.000000,15087.000000,51377.000000,0.024936,+/-0.000023,666.553765,+/-69.441202,666.502108,+/-69.441204,0.051656,+/-0.000042,12904.944610,+/-1342.621613,12903.944608,+/-1342.621613,0.016431,+/-0.000000
A,critical,117.000000,0.000000,0.000000,0.000000,28.392618,+/-0.414077,28.435332,+/-0.413845,0.042376,+/-0.000714,28.392956,+/-0.414121,1.001509,+/-0.000041,0.001508,+/-0.000042,0.016431,+/-0.000000
A,normal,95504.000000,4480.000000,8406.000000,33624.000000,0.038021,+/-0.000066,627.670526,+/-65.656996,627.596585,+/-65.656987,0.073942,+/-0.000095,8485.383244,+/-884.817728,8484.383242,+/-884.817729,0.016431,+/-0.000000
B,critical,62.000000,0.000000,0.000000,0.000000,69.523928,+/-4.594971,69.564071,+/-4.596096,0.039488,+/-0.002086,69.524582,+/-4.595082,1.000581,+/-0.000040,0.000579,+/-0.000041,0.016431,+/-0.000000
B,normal,45013.000000,2794.000000,4440.000000,16101.000000,0.080943,+/-0.000095,660.045960,+/-69.776760,659.880629,+/-69.776279,0.165331,+/-0.000672,3955.410300,+/-414.737284,3954.410298,+/-414.737284,0.016431,+/-0.000000
AB,critical,28.000000,0.000000,0.000000,0.000000,107.078095,+/-5.774372,107.107351,+/-5.775283,0.028288,+/-0.001319,107.079063,+/-5.774605,1.000263,+/-0.000016,0.000261,+/-0.000016,0.016431,+/-0.000000
AB,normal,11782.000000,379.000000,741.000000,194.000000,0.309459,+/-0.001381,17.237577,+/-1.028577,16.886494,+/-1.029820,0.351083,+/-0.004213,49.488424,+/-3.038165,48.488422,+/-3.038165,0.016431,+/-0.000000
