Blood type,Priority,Patients arrived,Patients dead,Patients reneged,Patients in queue,Avg inter-arrival times,CI inter-arrival times,Avg wait,CI wait,Avg delay,CI delay,Avg service time,CI service time,Avg # in the node,CI # in the node,Avg # in the queue,CI # in the queue,Utilization,CI utilization
0,critical,218.000000,0.000000,0.000000,0.000000,26.838321,+/-0.332878,0.051773,+/-0.000063,0.000164,+/-0.000005,0.051609,+/-0.000064,1.003183,+/-0.000100,0.003179,+/-0.000098,0.016431,+/-0.000001
0,normal,152252.000000,14583.000000,24237.000000,0.000000,0.038428,+/-0.000064,1315.783213,+/-110.099470,1315.731604,+/-110.099470,0.051609,+/-0.000064,25495.134898,+/-2135.599145,25494.134895,+/-2135.599146,0.016431,+/-0.000001
A,critical,123.000000,0.000000,0.000000,0.000000,47.567106,+/-0.489301,0.073120,+/-0.000090,0.000072,+/-0.000003,0.073048,+/-0.000090,1.000995,+/-0.000043,0.000992,+/-0.000039,0.016431,+/-0.000001
A,normal,100357.000000,6949.000000,13232.000000,0.000000,0.058299,+/-0.000115,1221.669677,+/-103.932104,1221.596630,+/-103.932084,0.073048,+/-0.000090,16724.311334,+/-1410.196029,16723.311330,+/-1410.196030,0.016431,+/-0.000001
B,critical,65.000000,0.000000,0.000000,0.000000,90.011601,+/-4.914791,0.165812,+/-0.000694,0.000066,+/-0.000006,0.165746,+/-0.000689,1.000403,+/-0.000037,0.000399,+/-0.000034,0.016431,+/-0.000001
B,normal,47017.000000,4483.000000,7212.000000,0.000000,0.124439,+/-0.000210,1298.372831,+/-111.160552,1298.207084,+/-111.160155,0.165746,+/-0.000689,7833.524565,+/-662.311909,7832.524562,+/-662.311911,0.016431,+/-0.000001
AB,critical,34.000000,0.000000,0.000000,0.000000,172.081002,+/-5.577472,0.542010,+/-0.004433,0.000085,+/-0.000005,0.541925,+/-0.004437,1.000160,+/-0.000022,0.000157,+/-0.000016,0.016431,+/-0.000001
AB,normal,11949.000000,394.000000,788.000000,0.000000,0.489644,+/-0.001697,38.383091,+/-2.883859,37.841166,+/-2.884735,0.541925,+/-0.004437,70.827613,+/-8.378674,69.827609,+/-8.378675,0.016431,+/-0.000001
