Blood type,Priority,(Avg) Patients arrived,CI arrivals,(Avg) Patients dead,CI deaths,(Avg) Patients reneged,CI reneges,Patients in queue,Avg inter-arrival times,CI inter-arrival times,Avg wait,CI wait,Avg delay,CI delay,Avg service time,CI service time,Avg # in the node,CI # in the node,Avg # in the queue,CI # in the queue,Utilization,CI utilization
0,critical,19.000000,+/-2.662744,0.000000,+/-0.000000,0.111111,+/-0.256223,0.000000,19.124703,+/-0.414941,0.000324,+/-0.000012,0.000002,+/-0.000002,0.000322,+/-0.000011,0.006084,+/-0.000230,0.000038,+/-0.000028,0.021132,+/-0.000001
0,normal,13879.777778,+/-95.040743,927.888889,+/-17.614261,1445.000000,+/-24.020108,46978.000000,0.026138,+/-0.000133,637.449574,+/-264.627241,637.396353,+/-264.627082,0.053221,+/-0.000204,11954.927997,+/-4947.294505,11953.928044,+/-4947.294478,0.271759,+/-0.000000
A,critical,10.222222,+/-1.574259,0.000000,+/-0.000000,0.000000,+/-0.000000,0.000000,35.817103,+/-2.229468,0.000141,+/-0.000005,0.000000,+/-0.000000,0.000141,+/-0.000005,0.001850,+/-0.000073,0.000000,+/-0.000000,0.011688,+/-0.000000
A,normal,9284.555556,+/-63.471122,471.000000,+/-16.073251,824.000000,+/-26.801615,31903.000000,0.039338,+/-0.000043,611.133434,+/-254.555690,611.056998,+/-254.556121,0.076436,+/-0.000483,8023.646862,+/-3367.384506,8022.646915,+/-3367.384475,0.271758,+/-0.000000
B,critical,5.444444,+/-2.001163,0.000000,+/-0.000000,0.000000,+/-0.000000,0.000000,60.288511,+/-6.089013,0.000764,+/-0.000162,0.000000,+/-0.000000,0.000764,+/-0.000162,0.004269,+/-0.000902,0.000000,+/-0.000000,0.017758,+/-0.000011
B,normal,4173.666667,+/-44.049441,286.777778,+/-8.356749,427.444444,+/-12.701127,14317.000000,0.087632,+/-0.000362,639.155411,+/-266.009304,638.976522,+/-266.009933,0.178889,+/-0.001167,3580.489323,+/-1491.892294,3579.489499,+/-1491.892193,0.271741,+/-0.000000
AB,critical,2.000000,+/-1.215371,0.000000,+/-0.000000,0.000000,+/-0.000000,0.000000,205.808329,+/-51.141121,0.001130,+/-0.000196,0.000000,+/-0.000000,0.001130,+/-0.000196,0.002564,+/-0.000458,0.000000,+/-0.000000,0.013760,+/-0.000003
AB,normal,1089.000000,+/-41.150671,41.777778,+/-3.858258,74.777778,+/-3.411228,1382.000000,0.337403,+/-0.002859,159.672346,+/-64.791574,159.230950,+/-64.794113,0.441396,+/-0.006323,362.907005,+/-148.374622,361.907708,+/-148.374216,0.271670,+/-0.000003
