Blood type,Priority,Patients arrived,Patients dead,Patients reneged,Patients in queue,Avg inter-arrival times,CI inter-arrival times,Avg wait,CI wait,Avg delay,CI delay,Avg service time,CI service time,Avg # in the node,CI # in the node,Avg # in the queue,CI # in the queue,Utilization,CI utilization
0,critical,248.000000,0.000000,0.000000,0.000000,27.153782,+/-0.393566,0.058173,+/-0.000329,0.000051,+/-0.000003,0.058121,+/-0.000329,1.000884,+/-0.000035,0.000880,+/-0.000030,0.016431,+/-0.000001
0,normal,159640.000000,16446.000000,27192.000000,0.000000,0.042183,+/-0.000079,2443.525883,+/-305.028615,2443.467761,+/-305.028620,0.058121,+/-0.000329,42041.956198,+/-3348.328255,42040.956194,+/-3348.328256,0.016431,+/-0.000001
A,critical,127.000000,0.000000,0.000000,0.000000,53.024708,+/-0.553602,0.074897,+/-0.000319,0.000032,+/-0.000002,0.074865,+/-0.000318,1.000433,+/-0.000035,0.000429,+/-0.000029,0.016431,+/-0.000001
A,normal,107281.000000,5784.000000,10988.000000,0.000000,0.062771,+/-0.000179,854.973001,+/-90.826787,854.898136,+/-90.826590,0.074865,+/-0.000318,11420.317157,+/-1359.559448,11419.317153,+/-1359.559449,0.016431,+/-0.000001
B,critical,86.000000,0.000000,0.000000,0.000000,78.303929,+/-3.463286,0.150064,+/-0.000435,0.000052,+/-0.000003,0.150012,+/-0.000437,1.000349,+/-0.000040,0.000346,+/-0.000036,0.016431,+/-0.000001
B,normal,51235.000000,2297.000000,3792.000000,0.000000,0.131436,+/-0.000440,0.521931,+/-0.007342,0.371919,+/-0.007647,0.150012,+/-0.000437,3.479272,+/-0.104996,2.479268,+/-0.104997,0.016431,+/-0.000001
AB,critical,34.000000,0.000000,0.000000,0.000000,198.062879,+/-5.625284,0.541022,+/-0.002308,0.000044,+/-0.000003,0.540979,+/-0.002310,1.000085,+/-0.000022,0.000081,+/-0.000009,0.016431,+/-0.000001
AB,normal,12989.000000,162.000000,318.000000,0.000000,0.518449,+/-0.002288,0.742868,+/-0.001490,0.201889,+/-0.002601,0.540979,+/-0.002310,1.373198,+/-0.011525,0.373195,+/-0.011527,0.016431,+/-0.000001
