Blood type,Priority,Patients arrived,Patients dead,Patients reneged,Patients in queue,Avg inter-arrival times,CI inter-arrival times,Avg wait,CI wait,Avg delay,CI delay,Avg service time,CI service time,Avg # in the node,CI # in the node,Avg # in the queue,CI # in the queue,Utilization,CI utilization
0,critical,0.000000,0.000000,0.000000,0.000000,18.668129,+/-0.543393,0.050153,+/-0.000048,0.000063,+/-0.000002,0.050090,+/-0.000049,1.001264,+/-0.000031,0.001260,+/-0.000031,0.008817,+/-0.000000
0,normal,0.000000,0.000000,0.000000,0.000000,0.028202,+/-0.000721,1141.251357,+/-71.300790,1141.201267,+/-71.300775,0.050090,+/-0.000049,22761.555553,+/-1420.479354,22760.555549,+/-1420.479355,0.008817,+/-0.000000
A,critical,0.000000,0.000000,0.000000,0.000000,31.645303,+/-0.977867,0.071787,+/-0.000084,0.000066,+/-0.000002,0.071721,+/-0.000084,1.000926,+/-0.000028,0.000922,+/-0.000028,0.008817,+/-0.000000
A,normal,0.000000,0.000000,0.000000,0.000000,0.042793,+/-0.001083,1087.676963,+/-67.750807,1087.605243,+/-67.750828,0.071721,+/-0.000084,15182.073741,+/-944.733498,15181.073737,+/-944.733498,0.008817,+/-0.000000
B,critical,0.000000,0.000000,0.000000,0.000000,61.877503,+/-2.503785,0.160326,+/-0.000273,0.000070,+/-0.000003,0.160255,+/-0.000271,1.000442,+/-0.000016,0.000438,+/-0.000017,0.008817,+/-0.000000
B,normal,0.000000,0.000000,0.000000,0.000000,0.091265,+/-0.002314,1131.212335,+/-71.149837,1131.052080,+/-71.149686,0.160255,+/-0.000271,7035.209065,+/-441.918106,7034.209061,+/-441.918107,0.008817,+/-0.000000
AB,critical,0.000000,0.000000,0.000000,0.000000,117.990568,+/-5.715865,0.581148,+/-0.001180,0.000152,+/-0.000009,0.580996,+/-0.001181,1.000267,+/-0.000014,0.000262,+/-0.000015,0.008817,+/-0.000000
AB,normal,0.000000,0.000000,0.000000,0.000000,0.360554,+/-0.008815,1051.646376,+/-66.459972,1051.065380,+/-66.460272,0.580996,+/-0.001181,1813.633942,+/-114.835510,1812.633938,+/-114.835511,0.008817,+/-0.000000
