Blood type,Priority,(Avg) Patients arrived,CI arrivals,(Avg) Patients dead,CI deaths,(Avg) Patients reneged,CI reneges,Patients in queue,Avg inter-arrival times,CI inter-arrival times,Avg wait,CI wait,Avg delay,CI delay,Avg service time,CI service time,Avg # in the node,CI # in the node,Avg # in the queue,CI # in the queue,Utilization,CI utilization
0,critical,13.294118,+/-5.900908,0.000000,+/-0.000000,0.000000,+/-0.000000,0.000000,18.730641,+/-2.040668,0.000074,+/-0.000007,0.000000,+/-0.000000,0.000074,+/-0.000007,0.001402,+/-0.000131,0.000000,+/-0.000000,0.004813,+/-0.000001
0,normal,8911.411765,+/-3405.737241,916.411765,+/-69.122706,1381.529412,+/-101.331453,0.000000,0.029209,+/-0.002738,1017.514131,+/-242.239584,1017.461299,+/-242.239469,0.052832,+/-0.000141,19176.094570,+/-4541.508748,19175.096538,+/-4541.509303,0.128412,+/-0.000963
A,critical,7.764706,+/-3.871237,0.000000,+/-0.000000,0.000000,+/-0.000000,0.000000,30.145238,+/-4.342177,0.000070,+/-0.000008,0.000000,+/-0.000000,0.000069,+/-0.000008,0.000926,+/-0.000103,0.000005,+/-0.000002,0.003900,+/-0.000001
A,normal,5967.294118,+/-2258.616864,455.529412,+/-31.312755,792.235294,+/-60.202393,0.000000,0.043791,+/-0.004047,974.758353,+/-230.236516,974.683197,+/-230.236717,0.075157,+/-0.000245,12966.514431,+/-3070.823400,12965.516373,+/-3070.823975,0.128413,+/-0.000965
B,critical,3.470588,+/-2.041432,0.000000,+/-0.000000,0.000000,+/-0.000000,0.000000,85.923446,+/-11.136136,0.000050,+/-0.000007,0.000000,+/-0.000000,0.000050,+/-0.000007,0.000293,+/-0.000039,0.000000,+/-0.000000,0.002201,+/-0.000000
B,normal,2745.470588,+/-1041.303199,273.411765,+/-21.019078,410.117647,+/-26.869626,0.000000,0.095178,+/-0.008780,1011.212779,+/-242.612921,1011.041705,+/-242.612611,0.171074,+/-0.000704,5886.377436,+/-1411.155993,5885.379628,+/-1411.156451,0.128397,+/-0.000955
AB,critical,1.411765,+/-0.872902,0.000000,+/-0.000000,0.000000,+/-0.000000,0.000000,180.176413,+/-18.971338,0.000089,+/-0.000011,0.000000,+/-0.000000,0.000089,+/-0.000011,0.000147,+/-0.000018,0.000000,+/-0.000000,0.001556,+/-0.000000
AB,normal,708.764706,+/-260.668281,40.764706,+/-4.230172,73.411765,+/-7.163759,0.000000,0.372221,+/-0.033059,932.759807,+/-228.196280,932.155780,+/-228.190985,0.604027,+/-0.009753,1528.587416,+/-372.248606,1527.590031,+/-372.248910,0.128370,+/-0.000945
