Blood type,Priority,Patients arrived,Patients dead,Patients reneged,Patients in queue,Avg inter-arrival times,CI inter-arrival times,Avg wait,CI wait,Avg delay,CI delay,Avg service time,CI service time,Avg # in the node,CI # in the node,Avg # in the queue,CI # in the queue,Utilization,CI utilization
0,critical,241.000000,0.000000,0.000000,0.000000,17.906765,+/-0.476109,0.050026,+/-0.000055,0.000068,+/-0.000002,0.049958,+/-0.000056,1.001364,+/-0.000031,0.001359,+/-0.000032,0.009410,+/-0.000000
0,normal,160593.000000,15195.000000,25308.000000,0.000000,0.027393,+/-0.000640,1002.059066,+/-66.437966,1002.009108,+/-66.437941,0.049958,+/-0.000056,20023.183067,+/-1322.942792,20022.183062,+/-1322.942792,0.009410,+/-0.000000
A,critical,126.000000,0.000000,0.000000,0.000000,33.507119,+/-0.927547,0.072007,+/-0.000097,0.000059,+/-0.000002,0.071949,+/-0.000097,1.000818,+/-0.000034,0.000813,+/-0.000034,0.009410,+/-0.000000
A,normal,106205.000000,7463.000000,13985.000000,0.000000,0.041680,+/-0.000953,959.409761,+/-63.425014,959.337812,+/-63.425051,0.071949,+/-0.000097,13359.706613,+/-883.608585,13358.706608,+/-883.608586,0.009410,+/-0.000000
B,critical,75.000000,0.000000,0.000000,0.000000,67.539934,+/-2.881525,0.161097,+/-0.000310,0.000057,+/-0.000002,0.161040,+/-0.000309,1.000356,+/-0.000012,0.000352,+/-0.000013,0.009410,+/-0.000000
B,normal,49755.000000,4707.000000,7604.000000,0.000000,0.088792,+/-0.002041,997.192318,+/-66.653736,997.031278,+/-66.653570,0.161040,+/-0.000309,6169.723244,+/-411.995580,6168.723239,+/-411.995580,0.009410,+/-0.000000
AB,critical,27.000000,0.000000,0.000000,0.000000,144.761823,+/-6.291177,0.574853,+/-0.001421,0.000099,+/-0.000005,0.574754,+/-0.001420,1.000177,+/-0.000008,0.000172,+/-0.000008,0.009410,+/-0.000000
AB,normal,12767.000000,641.000000,1320.000000,0.000000,0.349264,+/-0.007850,918.586758,+/-60.895430,918.012005,+/-60.896146,0.574754,+/-0.001420,1605.615741,+/-107.695190,1604.615737,+/-107.695191,0.009410,+/-0.000000
