Blood type,Priority,(Avg) Patients arrived,CI arrivals,(Avg) Patients dead,CI deaths,(Avg) Patients reneged,CI reneges,Patients in queue,Avg inter-arrival times,CI inter-arrival times,Avg wait,CI wait,Avg delay,CI delay,Avg service time,CI service time,Avg # in the node,CI # in the node,Avg # in the queue,CI # in the queue,Utilization,CI utilization
0,critical,13.521739,+/-4.664496,0.000000,+/-0.000000,0.000000,+/-0.000000,0.000000,18.866581,+/-1.525870,0.000267,+/-0.000020,0.000002,+/-0.000001,0.000265,+/-0.000020,0.004948,+/-0.000371,0.000038,+/-0.000011,0.006460,+/-0.000015
0,normal,9333.565217,+/-2722.234575,939.521739,+/-17.064711,1442.782609,+/-10.223211,0.000000,0.028893,+/-0.001795,1377.303485,+/-294.938691,1377.249604,+/-294.938613,0.053882,+/-0.000137,25520.757682,+/-5461.501397,25519.757729,+/-5461.501376,0.092193,+/-0.000000
A,critical,7.478261,+/-2.949861,0.000000,+/-0.000000,0.000000,+/-0.000000,0.000000,34.407798,+/-2.827901,0.000170,+/-0.000013,0.000001,+/-0.000000,0.000169,+/-0.000013,0.002227,+/-0.000166,0.000010,+/-0.000003,0.004340,+/-0.000003
A,normal,6239.130435,+/-1805.945834,463.739130,+/-7.346976,809.956522,+/-11.575127,0.000000,0.043397,+/-0.002650,1307.357985,+/-280.210154,1307.281745,+/-280.210261,0.076240,+/-0.000157,17174.325290,+/-3692.745848,17173.325326,+/-3692.745833,0.092193,+/-0.000000
B,critical,3.608696,+/-1.800702,0.000000,+/-0.000000,0.000000,+/-0.000000,0.000000,73.139463,+/-7.391812,0.000702,+/-0.000068,0.000000,+/-0.000000,0.000702,+/-0.000068,0.004028,+/-0.000391,0.000000,+/-0.000000,0.005851,+/-0.000018
B,normal,2853.956522,+/-833.536262,283.434783,+/-5.634951,423.304348,+/-8.193876,0.000000,0.094385,+/-0.005882,1363.236681,+/-291.568033,1363.062467,+/-291.568071,0.174214,+/-0.000479,7826.656418,+/-1678.172816,7825.656534,+/-1678.172766,0.092190,+/-0.000001
AB,critical,1.608696,+/-0.734547,0.000000,+/-0.000000,0.000000,+/-0.000000,0.000000,164.373470,+/-12.189149,0.001192,+/-0.000107,0.000000,+/-0.000000,0.001192,+/-0.000107,0.002711,+/-0.000280,0.000000,+/-0.000000,0.004800,+/-0.000009
AB,normal,762.521739,+/-228.589445,33.086957,+/-7.138902,63.260870,+/-13.318394,0.000000,0.355663,+/-0.020518,324.874410,+/-68.305451,324.441659,+/-68.304900,0.432751,+/-0.003962,725.488559,+/-146.994383,724.511577,+/-147.000310,0.091128,+/-0.059388
