Blood type,Priority,(Avg) Patients arrived,CI arrivals,(Avg) Patients dead,CI deaths,(Avg) Patients reneged,CI reneges,Patients in queue,Avg inter-arrival times,CI inter-arrival times,Avg wait,CI wait,Avg delay,CI delay,Avg service time,CI service time,Avg # in the node,CI # in the node,Avg # in the queue,CI # in the queue,Utilization,CI utilization
0,critical,11.050000,+/-5.610987,0.000000,+/-0.000000,0.000000,+/-0.000000,0.000000,21.626159,+/-2.533327,0.000323,+/-0.000022,0.000000,+/-0.000000,0.000323,+/-0.000022,0.005557,+/-0.000669,0.000000,+/-0.000000,0.008004,+/-0.000039
0,normal,7125.950000,+/-3250.728832,929.200000,+/-16.371423,1431.900000,+/-21.452973,0.000000,0.033112,+/-0.004135,1223.686782,+/-283.093194,1223.626672,+/-283.089957,0.060110,+/-0.003943,19639.620662,+/-3894.078712,19638.620915,+/-3894.078748,0.107356,+/-0.000019
A,critical,5.400000,+/-2.722202,0.000000,+/-0.000000,0.000000,+/-0.000000,0.000000,43.084745,+/-5.668775,0.000183,+/-0.000020,0.000001,+/-0.000000,0.000182,+/-0.000020,0.002216,+/-0.000327,0.000007,+/-0.000003,0.005046,+/-0.000009
A,normal,4776.050000,+/-2157.386744,473.150000,+/-7.834727,808.450000,+/-15.311768,0.000000,0.049672,+/-0.006108,1168.408378,+/-269.513568,1168.323302,+/-269.509622,0.085076,+/-0.004903,13299.402789,+/-2675.035519,13298.403036,+/-2675.035556,0.107357,+/-0.000018
B,critical,3.200000,+/-1.844763,0.000000,+/-0.000000,0.000000,+/-0.000000,0.000000,72.368250,+/-9.748330,0.000877,+/-0.000093,0.000000,+/-0.000000,0.000877,+/-0.000093,0.004480,+/-0.000676,0.000000,+/-0.000000,0.007187,+/-0.000040
B,normal,2141.450000,+/-974.807121,282.650000,+/-7.107974,432.550000,+/-9.675777,0.000000,0.110580,+/-0.013619,1236.384760,+/-287.208959,1236.182167,+/-287.198497,0.202593,+/-0.012821,5892.354328,+/-1179.226314,5891.354649,+/-1179.226316,0.107353,+/-0.000018
AB,critical,1.050000,+/-0.781296,0.000000,+/-0.000000,0.000000,+/-0.000000,0.000000,231.195304,+/-33.468659,0.001410,+/-0.000104,0.000000,+/-0.000000,0.001410,+/-0.000104,0.002823,+/-0.000371,0.000000,+/-0.000000,0.005705,+/-0.000012
AB,normal,558.250000,+/-258.984486,32.300000,+/-9.328335,56.900000,+/-16.032950,0.000000,0.421806,+/-0.051847,264.497509,+/-58.236463,264.006249,+/-58.212121,0.491260,+/-0.030061,492.868314,+/-92.972589,491.912396,+/-92.976459,0.104977,+/-0.131546
