Blood type,Priority,(Avg) Patients arrived,CI arrivals,(Avg) Patients dead,CI deaths,(Avg) Patients reneged,CI reneges,Patients in queue,Avg inter-arrival times,CI inter-arrival times,Avg wait,CI wait,Avg delay,CI delay,Avg service time,CI service time,Avg # in the node,CI # in the node,Avg # in the queue,CI # in the queue,Utilization,CI utilization
0,critical,21.241379,+/-2.172438,0.000000,+/-0.000000,0.000000,+/-0.000000,0.000000,16.562415,+/-0.165546,0.000330,+/-0.000016,0.000000,+/-0.000000,0.000329,+/-0.000016,0.006116,+/-0.000290,0.000008,+/-0.000002,0.005618,+/-0.000016
0,normal,13827.793103,+/-33.830027,944.103448,+/-12.790014,1442.034483,+/-13.665141,140575.000000,0.026382,+/-0.000011,1903.907313,+/-411.299632,1903.853442,+/-411.299620,0.053871,+/-0.000067,35329.975348,+/-7641.368509,35328.975393,+/-7641.368492,0.071883,+/-0.000000
A,critical,11.344828,+/-1.302987,0.000000,+/-0.000000,0.000000,+/-0.000000,0.000000,31.496846,+/-0.740020,0.000210,+/-0.000010,0.000001,+/-0.000000,0.000209,+/-0.000010,0.002749,+/-0.000128,0.000014,+/-0.000003,0.003759,+/-0.000003
A,normal,9220.482759,+/-34.111476,473.931034,+/-9.964273,810.344828,+/-10.130061,94915.000000,0.039657,+/-0.000070,1811.258842,+/-392.160692,1811.182418,+/-392.160736,0.076424,+/-0.000115,23719.681033,+/-5140.185719,23718.681061,+/-5140.185709,0.071884,+/-0.000000
B,critical,5.758621,+/-0.957206,0.000000,+/-0.000000,0.000000,+/-0.000000,0.000000,70.734806,+/-6.740066,0.000697,+/-0.000052,0.000001,+/-0.000000,0.000697,+/-0.000052,0.003968,+/-0.000289,0.000003,+/-0.000002,0.004526,+/-0.000016
B,normal,4203.206897,+/-30.698241,286.379310,+/-7.282354,432.896552,+/-7.337444,42299.000000,0.086252,+/-0.000158,1893.333416,+/-408.665550,1893.157941,+/-408.665344,0.175475,+/-0.000542,10770.945150,+/-2324.619939,10769.945288,+/-2324.619890,0.071880,+/-0.000001
AB,critical,2.206897,+/-0.756532,0.000000,+/-0.000000,0.000000,+/-0.000000,0.000000,155.032922,+/-5.840561,0.001612,+/-0.000070,0.000000,+/-0.000000,0.001612,+/-0.000070,0.003778,+/-0.000176,0.000000,+/-0.000000,0.004419,+/-0.000006
AB,normal,1154.275862,+/-17.405642,42.000000,+/-2.551664,74.965517,+/-2.892391,6281.000000,0.323135,+/-0.002501,489.418691,+/-129.128775,488.991746,+/-129.126191,0.426946,+/-0.003082,1134.367635,+/-292.705281,1133.368087,+/-292.705141,0.071869,+/-0.000012
