Blood type,Priority,Patients arrived,Patients dead,Patients reneged,Patients in queue,Avg inter-arrival times,CI inter-arrival times,Avg wait,CI wait,Avg delay,CI delay,Avg service time,CI service time,Avg # in the node,CI # in the node,Avg # in the queue,CI # in the queue,Utilization,CI utilization
0,critical,0.000000,0.000000,0.000000,0.000000,32.987825,+/-0.080359,27.524359,+/-0.552630,26.990886,+/-0.539851,0.533473,+/-0.015159,57.237459,+/-0.957816,56.237457,+/-0.957816,0.001296,+/-0.000000
0,normal,0.000000,0.000000,0.000000,0.000000,0.030531,+/-0.000060,28680.606852,+/-575.870379,28680.073379,+/-575.857527,0.533473,+/-0.015159,59655.351545,+/-991.281473,59654.351543,+/-991.281473,0.001296,+/-0.000000
A,critical,0.000000,0.000000,0.000000,0.000000,60.545364,+/-0.168186,25.966318,+/-0.620010,25.279553,+/-0.601337,0.686764,+/-0.019512,38.837349,+/-0.456354,37.837347,+/-0.456355,0.001296,+/-0.000000
A,normal,0.000000,0.000000,0.000000,0.000000,0.046718,+/-0.000091,30041.468258,+/-674.247012,30040.781493,+/-674.229139,0.686764,+/-0.019512,46055.094305,+/-630.444049,46054.094303,+/-630.444049,0.001296,+/-0.000000
B,critical,0.000000,0.000000,0.000000,0.000000,99.805753,+/-0.687726,60.331921,+/-1.527595,58.048516,+/-1.464908,2.283405,+/-0.064869,26.283228,+/-0.322596,25.283227,+/-0.322596,0.001296,+/-0.000000
B,normal,0.000000,0.000000,0.000000,0.000000,0.100278,+/-0.000171,37429.461784,+/-753.270776,37427.178379,+/-753.215790,2.283405,+/-0.064869,18162.114427,+/-303.822377,18161.114425,+/-303.822377,0.001296,+/-0.000000
AB,critical,0.000000,0.000000,0.000000,0.000000,197.634336,+/-0.930873,67.748946,+/-1.174268,58.281335,+/-0.960442,9.467610,+/-0.268605,8.503268,+/-0.162808,7.503266,+/-0.162808,0.001296,+/-0.000000
AB,normal,0.000000,0.000000,0.000000,0.000000,0.399606,+/-0.000670,57771.704122,+/-1439.857016,57762.236511,+/-1439.597468,9.467610,+/-0.268605,6130.363844,+/-72.145207,6129.363842,+/-72.145207,0.001296,+/-0.000000
