Blood type,Priority,Patients arrived,Patients dead,Patients reneged,Patients in queue,Avg inter-arrival times,CI inter-arrival times,Avg wait,CI wait,Avg delay,CI delay,Avg service time,CI service time,Avg # in the node,CI # in the node,Avg # in the queue,CI # in the queue,Utilization,CI utilization
0,critical,136.000000,0.000000,5.000000,0.000000,35.288982,+/-0.585015,0.052581,+/-0.000100,0.000102,+/-0.000008,0.052479,+/-0.000100,1.001950,+/-0.000166,0.001946,+/-0.000160,0.027888,+/-0.000003
0,normal,106081.000000,12100.000000,2385.000000,0.000000,0.045242,+/-0.000246,1194.490905,+/-112.207887,1194.438426,+/-112.207851,0.052479,+/-0.000100,22761.630296,+/-2205.476643,22760.630291,+/-2205.476645,0.027888,+/-0.000003
A,critical,73.000000,0.000000,1.000000,0.000000,65.743858,+/-0.763229,0.075395,+/-0.000178,0.000048,+/-0.000006,0.075347,+/-0.000179,1.000640,+/-0.000092,0.000635,+/-0.000079,0.027888,+/-0.000003
A,normal,70849.000000,5034.000000,1999.000000,0.000000,0.067740,+/-0.000490,917.423776,+/-102.489201,917.348429,+/-102.489282,0.075347,+/-0.000179,12176.018909,+/-1419.542351,12175.018905,+/-1419.542354,0.027888,+/-0.000003
B,critical,32.000000,0.000000,0.000000,0.000000,149.978175,+/-7.454746,0.191728,+/-0.000879,0.000063,+/-0.000009,0.191665,+/-0.000874,1.000331,+/-0.000066,0.000326,+/-0.000052,0.027888,+/-0.000003
B,normal,30377.000000,3222.000000,2072.000000,0.000000,0.157991,+/-0.000480,949.310407,+/-102.422900,949.118742,+/-102.422120,0.191665,+/-0.000874,4952.987443,+/-606.284883,4951.987438,+/-606.284885,0.027888,+/-0.000003
AB,critical,16.000000,0.000000,0.000000,0.000000,299.956351,+/-9.899026,0.859215,+/-0.008167,0.000057,+/-0.000005,0.859159,+/-0.008170,1.000070,+/-0.000046,0.000066,+/-0.000013,0.027888,+/-0.000003
AB,normal,7045.000000,268.000000,1192.000000,0.000000,0.681235,+/-0.002099,126.565747,+/-12.451520,125.706588,+/-12.455325,0.859159,+/-0.008170,147.314236,+/-29.493253,146.314232,+/-29.493255,0.027888,+/-0.000003
