Blood type,Priority,(Avg) Patients arrived,CI arrivals,(Avg) Patients dead,CI deaths,(Avg) Patients reneged,CI reneges,Patients in queue,Avg inter-arrival times,CI inter-arrival times,Avg wait,CI wait,Avg delay,CI delay,Avg service time,CI service time,Avg # in the node,CI # in the node,Avg # in the queue,CI # in the queue,Utilization,CI utilization
0,critical,13.120000,+/-4.583094,0.000000,+/-0.000000,0.000000,+/-0.000000,0.000000,18.861202,+/-1.609495,0.000074,+/-0.000005,0.000000,+/-0.000000,0.000074,+/-0.000005,0.001400,+/-0.000098,0.000000,+/-0.000000,0.003152,+/-0.000001
0,normal,9091.840000,+/-2687.637406,916.240000,+/-25.886444,1414.920000,+/-32.608491,0.000000,0.028774,+/-0.002015,1505.099156,+/-295.819722,1505.046392,+/-295.819647,0.052765,+/-0.000099,28462.177386,+/-5577.470427,28461.177900,+/-5577.470529,0.084237,+/-0.000122
A,critical,7.800000,+/-3.063575,0.000000,+/-0.000000,0.000000,+/-0.000000,0.000000,30.766717,+/-3.135384,0.000067,+/-0.000006,0.000000,+/-0.000000,0.000066,+/-0.000006,0.000886,+/-0.000082,0.000005,+/-0.000001,0.002501,+/-0.000001
A,normal,6095.280000,+/-1776.208615,467.120000,+/-13.429791,801.960000,+/-20.721542,0.000000,0.043192,+/-0.002958,1444.859103,+/-283.648301,1444.783959,+/-283.648374,0.075145,+/-0.000107,19236.606248,+/-3783.474192,19235.606742,+/-3783.474306,0.084238,+/-0.000122
B,critical,3.440000,+/-1.549437,0.000000,+/-0.000000,0.000000,+/-0.000000,0.000000,81.739537,+/-8.413007,0.000054,+/-0.000005,0.000000,+/-0.000000,0.000054,+/-0.000005,0.000313,+/-0.000031,0.000000,+/-0.000000,0.001491,+/-0.000000
B,normal,2773.480000,+/-820.196812,279.360000,+/-10.667834,424.080000,+/-15.745675,0.000000,0.094266,+/-0.006615,1497.436261,+/-294.322280,1497.264081,+/-294.322148,0.172180,+/-0.000429,8683.415794,+/-1705.612143,8682.416479,+/-1705.612174,0.084229,+/-0.000122
AB,critical,1.640000,+/-0.723641,0.000000,+/-0.000000,0.000000,+/-0.000000,0.000000,165.650725,+/-10.202342,0.000091,+/-0.000008,0.000000,+/-0.000000,0.000091,+/-0.000008,0.000149,+/-0.000012,0.000000,+/-0.000000,0.001029,+/-0.000000
AB,normal,740.440000,+/-208.708116,40.200000,+/-2.476678,73.840000,+/-3.586040,0.000000,0.362357,+/-0.023175,1442.941792,+/-300.553671,1442.331344,+/-300.551474,0.610448,+/-0.006025,2352.934255,+/-486.937094,2351.935293,+/-486.937010,0.084215,+/-0.000127
