Blood type,Priority,Patients arrived,Patients dead,Patients reneged,Patients in queue,Avg inter-arrival times,CI inter-arrival times,Avg wait,CI wait,Avg delay,CI delay,Avg service time,CI service time,Avg # in the node,CI # in the node,Avg # in the queue,CI # in the queue,Utilization,CI utilization
0,critical,206.000000,0.000000,0.000000,0.000000,18.851036,+/-1.971874,0.000262,+/-0.000019,0.000001,+/-0.000000,0.000261,+/-0.000019,0.004851,+/-0.000343,0.000014,+/-0.000006,0.010293,+/-0.000005
0,normal,143432.000000,14822.000000,22427.000000,0.000000,0.028819,+/-0.002243,924.198429,+/-251.287663,924.144458,+/-251.287660,0.053971,+/-0.000091,17122.541381,+/-4661.387959,17121.541444,+/-4661.387927,0.148000,+/-0.000000
A,critical,115.000000,0.000000,0.000000,0.000000,34.737516,+/-3.195488,0.000157,+/-0.000016,0.000000,+/-0.000000,0.000157,+/-0.000016,0.002066,+/-0.000202,0.000006,+/-0.000003,0.006716,+/-0.000002
A,normal,95838.000000,7263.000000,12633.000000,0.000000,0.043262,+/-0.003333,873.768502,+/-237.832511,873.692338,+/-237.832607,0.076164,+/-0.000193,11484.163298,+/-3132.140557,11483.163326,+/-3132.140543,0.148002,+/-0.000000
B,critical,62.000000,0.000000,0.000000,0.000000,75.029494,+/-10.594895,0.000712,+/-0.000102,0.000000,+/-0.000000,0.000712,+/-0.000102,0.004095,+/-0.000577,0.000000,+/-0.000000,0.009471,+/-0.000015
B,normal,44109.000000,4416.000000,6667.000000,0.000000,0.093793,+/-0.007246,915.548293,+/-251.403641,915.374647,+/-251.403192,0.173646,+/-0.000996,5260.942988,+/-1445.293727,5259.943145,+/-1445.293649,0.147993,+/-0.000000
AB,critical,25.000000,0.000000,0.000000,0.000000,166.483198,+/-14.450737,0.001446,+/-0.000120,0.000000,+/-0.000000,0.001446,+/-0.000120,0.003298,+/-0.000346,0.000000,+/-0.000000,0.008500,+/-0.000005
AB,normal,11415.000000,486.000000,925.000000,0.000000,0.357150,+/-0.028115,200.896975,+/-52.915953,200.469711,+/-52.914071,0.427264,+/-0.003475,448.823707,+/-113.484581,447.853906,+/-113.493574,0.145752,+/-0.056432
