Blood type,Priority,(Avg) Patients arrived,CI arrivals,(Avg) Patients dead,CI deaths,(Avg) Patients reneged,CI reneges,Patients in queue,Avg inter-arrival times,CI inter-arrival times,Avg wait,CI wait,Avg delay,CI delay,Avg service time,CI service time,Avg # in the node,CI # in the node,Avg # in the queue,CI # in the queue,Utilization,CI utilization
0,critical,14.400000,+/-6.173041,0.000000,+/-0.000000,0.000000,+/-0.000000,0.000000,19.201457,+/-1.383633,0.000273,+/-0.000019,0.000001,+/-0.000000,0.000272,+/-0.000019,0.005078,+/-0.000348,0.000023,+/-0.000008,0.010523,+/-0.000005
0,normal,9549.200000,+/-3498.890775,942.800000,+/-15.854022,1436.000000,+/-20.524099,0.000000,0.028725,+/-0.002242,925.828917,+/-251.267335,925.775187,+/-251.267273,0.053730,+/-0.000101,17214.185922,+/-4665.556245,17213.185997,+/-4665.556207,0.147999,+/-0.000000
A,critical,7.733333,+/-3.390990,0.000000,+/-0.000000,0.000000,+/-0.000000,0.000000,33.914512,+/-3.333761,0.000188,+/-0.000016,0.000002,+/-0.000001,0.000185,+/-0.000016,0.002463,+/-0.000206,0.000032,+/-0.000012,0.007298,+/-0.000002
A,normal,6343.133333,+/-2316.402190,469.800000,+/-9.667301,800.600000,+/-19.561001,0.000000,0.043326,+/-0.003347,876.085589,+/-237.745029,876.009360,+/-237.745152,0.076229,+/-0.000251,11508.171535,+/-3132.018171,11507.171581,+/-3132.018147,0.148001,+/-0.000000
B,critical,3.466667,+/-1.870563,0.000000,+/-0.000000,0.000000,+/-0.000000,0.000000,94.922438,+/-13.231000,0.000354,+/-0.000038,0.000000,+/-0.000000,0.000354,+/-0.000038,0.002021,+/-0.000214,0.000000,+/-0.000000,0.006654,+/-0.000002
B,normal,2923.400000,+/-1073.301446,290.733333,+/-9.670171,428.400000,+/-11.222595,0.000000,0.093963,+/-0.007259,920.640675,+/-251.381094,920.465843,+/-251.380873,0.174832,+/-0.000697,5259.854603,+/-1437.542047,5258.854826,+/-1437.541936,0.147988,+/-0.000001
AB,critical,1.666667,+/-0.951535,0.000000,+/-0.000000,0.000000,+/-0.000000,0.000000,157.976918,+/-16.676695,0.001346,+/-0.000149,0.000000,+/-0.000000,0.001346,+/-0.000149,0.003028,+/-0.000386,0.000000,+/-0.000000,0.008144,+/-0.000007
AB,normal,756.800000,+/-286.316166,35.066667,+/-10.418216,61.133333,+/-18.132636,0.000000,0.360047,+/-0.027970,214.736341,+/-53.244117,214.303367,+/-53.243370,0.432974,+/-0.003718,474.720326,+/-114.970400,473.751043,+/-114.978440,0.145713,+/-0.057409
