Blood type,Priority,(Avg) Patients arrived,CI arrivals,(Avg) Patients dead,CI deaths,(Avg) Patients reneged,CI reneges,Patients in queue,Avg inter-arrival times,CI inter-arrival times,Avg wait,CI wait,Avg delay,CI delay,Avg service time,CI service time,Avg # in the node,CI # in the node,Avg # in the queue,CI # in the queue,Utilization,CI utilization
0,critical,10.000000,+/-4.833216,0.000000,+/-0.000000,0.052632,+/-0.110575,0.000000,24.456553,+/-2.676570,0.000547,+/-0.000026,0.000008,+/-0.000002,0.000539,+/-0.000025,0.009487,+/-0.000920,0.000133,+/-0.000042,0.010987,+/-0.000063
0,normal,6840.894737,+/-3213.947024,942.947368,+/-11.675875,1445.421053,+/-17.700727,0.000000,0.034648,+/-0.004293,1183.470816,+/-289.893920,1183.411760,+/-289.890788,0.059056,+/-0.003763,19327.837633,+/-4072.528758,19326.837647,+/-4072.528750,0.113604,+/-0.000000
A,critical,5.105263,+/-2.478017,0.000000,+/-0.000000,0.000000,+/-0.000000,0.000000,47.231203,+/-5.533464,0.000261,+/-0.000020,0.000000,+/-0.000000,0.000261,+/-0.000020,0.003180,+/-0.000378,0.000001,+/-0.000000,0.006406,+/-0.000011
A,normal,4547.526316,+/-2136.571804,470.157895,+/-11.323234,821.105263,+/-15.166052,0.000000,0.052275,+/-0.006399,1135.238765,+/-277.392829,1135.154566,+/-277.389112,0.084199,+/-0.004684,13076.298287,+/-2798.083006,13075.298319,+/-2798.082990,0.113603,+/-0.000000
B,critical,2.421053,+/-1.466478,0.000000,+/-0.000000,0.000000,+/-0.000000,0.000000,91.907855,+/-14.799518,0.000415,+/-0.000047,0.000000,+/-0.000000,0.000415,+/-0.000047,0.002155,+/-0.000337,0.000000,+/-0.000000,0.005274,+/-0.000009
B,normal,2060.210526,+/-968.010635,282.157895,+/-7.223095,436.631579,+/-9.552554,0.000000,0.115467,+/-0.014094,1197.217210,+/-294.045206,1197.018178,+/-294.035160,0.199031,+/-0.012153,5808.386802,+/-1233.296125,5807.386849,+/-1233.296101,0.113602,+/-0.000000
AB,critical,1.000000,+/-0.700307,0.000000,+/-0.000000,0.000000,+/-0.000000,0.000000,247.935823,+/-32.956041,0.000223,+/-0.000021,0.000000,+/-0.000000,0.000223,+/-0.000021,0.000438,+/-0.000058,0.000000,+/-0.000000,0.002377,+/-0.000000
AB,normal,521.631579,+/-241.751085,35.000000,+/-8.174815,62.894737,+/-13.831730,0.000000,0.459535,+/-0.054376,320.614962,+/-77.507408,320.106461,+/-77.479417,0.508500,+/-0.034185,590.796258,+/-122.514983,589.819439,+/-122.518023,0.112280,+/-0.046787
