Blood type,Priority,Patients arrived,Patients dead,Patients reneged,Patients in queue,Avg inter-arrival times,CI inter-arrival times,Avg wait,CI wait,Avg delay,CI delay,Avg service time,CI service time,Avg # in the node,CI # in the node,Avg # in the queue,CI # in the queue,Utilization,CI utilization
0,critical,136.000000,0.000000,5.000000,0.000000,35.392625,+/-0.585047,0.052734,+/-0.000097,0.000102,+/-0.000008,0.052632,+/-0.000096,1.001942,+/-0.000166,0.001937,+/-0.000160,0.027888,+/-0.000003
0,normal,106070.000000,12013.000000,2331.000000,0.000000,0.045379,+/-0.000252,1197.698395,+/-112.845254,1197.645763,+/-112.845217,0.052632,+/-0.000096,22756.078589,+/-2211.273623,22755.078584,+/-2211.273624,0.027888,+/-0.000003
A,critical,73.000000,0.000000,1.000000,0.000000,65.936945,+/-0.763552,0.075884,+/-0.000170,0.000048,+/-0.000006,0.075836,+/-0.000171,1.000638,+/-0.000092,0.000632,+/-0.000079,0.027888,+/-0.000003
A,normal,70766.000000,5100.000000,1976.000000,0.000000,0.068018,+/-0.000495,914.718616,+/-102.307170,914.642780,+/-102.307237,0.075836,+/-0.000171,12061.832347,+/-1414.675537,12060.832341,+/-1414.675538,0.027888,+/-0.000003
B,critical,32.000000,0.000000,0.000000,0.000000,150.418657,+/-7.455226,0.191411,+/-0.000697,0.000062,+/-0.000009,0.191349,+/-0.000694,1.000330,+/-0.000067,0.000325,+/-0.000052,0.027888,+/-0.000003
B,normal,30450.000000,3168.000000,2047.000000,0.000000,0.158075,+/-0.000452,937.977477,+/-100.722064,937.786129,+/-100.721530,0.191349,+/-0.000694,4901.957771,+/-608.028721,4900.957766,+/-608.028723,0.027888,+/-0.000003
AB,critical,16.000000,0.000000,0.000000,0.000000,300.837314,+/-9.899539,0.876150,+/-0.007261,0.000057,+/-0.000005,0.876093,+/-0.007264,1.000071,+/-0.000046,0.000065,+/-0.000013,0.027888,+/-0.000003
AB,normal,6995.000000,271.000000,1223.000000,0.000000,0.688120,+/-0.002114,119.417164,+/-11.906250,118.541072,+/-11.908881,0.876093,+/-0.007264,136.307247,+/-27.732817,135.307242,+/-27.732819,0.027888,+/-0.000003
