Blood type,Priority,Patients arrived,Patients dead,Patients reneged,Patients in queue,Avg inter-arrival times,CI inter-arrival times,Avg wait,CI wait,Avg delay,CI delay,Avg service time,CI service time,Avg # in the node,CI # in the node,Avg # in the queue,CI # in the queue,Utilization,CI utilization
0,critical,220.000000,0.000000,0.000000,0.000000,18.507807,+/-0.475876,0.051799,+/-0.000040,0.000245,+/-0.000006,0.051555,+/-0.000038,1.004747,+/-0.000122,0.004742,+/-0.000121,0.010140,+/-0.000000
0,normal,151926.000000,14324.000000,24385.000000,0.000000,0.027591,+/-0.000583,949.647476,+/-67.317655,949.595921,+/-67.317666,0.051555,+/-0.000038,18434.957542,+/-1309.385820,18433.957537,+/-1309.385820,0.010140,+/-0.000000
A,critical,121.000000,0.000000,0.000000,0.000000,32.850118,+/-0.891025,0.073574,+/-0.000106,0.000111,+/-0.000003,0.073463,+/-0.000104,1.001511,+/-0.000040,0.001507,+/-0.000040,0.010140,+/-0.000000
A,normal,100029.000000,7027.000000,13326.000000,0.000000,0.041993,+/-0.000879,887.716427,+/-62.626946,887.642964,+/-62.626995,0.073463,+/-0.000104,12113.312304,+/-860.551021,12112.312299,+/-860.551022,0.010140,+/-0.000000
B,critical,66.000000,0.000000,0.000000,0.000000,70.895445,+/-2.941755,0.163406,+/-0.000407,0.000086,+/-0.000003,0.163320,+/-0.000405,1.000529,+/-0.000020,0.000524,+/-0.000020,0.010140,+/-0.000000
B,normal,47200.000000,4460.000000,7100.000000,0.000000,0.088836,+/-0.001869,936.247706,+/-66.412058,936.084386,+/-66.411958,0.163320,+/-0.000405,5721.119938,+/-408.049026,5720.119934,+/-408.049026,0.010140,+/-0.000000
AB,critical,34.000000,0.000000,0.000000,0.000000,109.707954,+/-5.026323,0.381330,+/-0.008629,0.000102,+/-0.000004,0.381229,+/-0.008630,1.000281,+/-0.000012,0.000276,+/-0.000013,0.010140,+/-0.000000
AB,normal,11965.000000,383.000000,798.000000,0.000000,0.340953,+/-0.007865,17.128229,+/-0.648055,16.747000,+/-0.643219,0.381229,+/-0.008630,44.934586,+/-1.414457,43.934581,+/-1.414457,0.010140,+/-0.000000
