Blood type,Priority,Patients arrived,Patients dead,Patients reneged,Patients in queue,Avg inter-arrival times,CI inter-arrival times,Avg wait,CI wait,Avg delay,CI delay,Avg service time,CI service time,Avg # in the node,CI # in the node,Avg # in the queue,CI # in the queue,Utilization,CI utilization
0,critical,221.000000,0.000000,7.000000,0.000000,40.789370,+/-0.350879,0.053974,+/-0.000453,0.000093,+/-0.000005,0.053881,+/-0.000453,1.001731,+/-0.000107,0.001729,+/-0.000104,0.016431,+/-0.000002
0,normal,194147.000000,22296.000000,4516.000000,0.000000,0.046431,+/-0.000255,2366.298566,+/-182.662350,2366.244685,+/-182.661917,0.053881,+/-0.000453,43917.101177,+/-3285.454655,43916.101174,+/-3285.454656,0.016431,+/-0.000002
A,critical,121.000000,0.000000,1.000000,0.000000,74.499593,+/-0.498522,0.077265,+/-0.000646,0.000044,+/-0.000004,0.077221,+/-0.000646,1.000566,+/-0.000057,0.000564,+/-0.000052,0.016431,+/-0.000002
A,normal,129263.000000,8808.000000,3663.000000,0.000000,0.069737,+/-0.000488,1516.738147,+/-130.354419,1516.660926,+/-130.355029,0.077221,+/-0.000646,19641.552665,+/-1989.683939,19640.552663,+/-1989.683940,0.016431,+/-0.000002
B,critical,62.000000,0.000000,0.000000,0.000000,145.394368,+/-4.966576,0.194581,+/-0.000589,0.000063,+/-0.000006,0.194517,+/-0.000588,1.000328,+/-0.000041,0.000326,+/-0.000037,0.016431,+/-0.000002
B,normal,55686.000000,5662.000000,3680.000000,0.000000,0.161880,+/-0.000654,1591.415113,+/-136.526715,1591.220596,+/-136.526876,0.194517,+/-0.000588,8181.381554,+/-847.756968,8180.381552,+/-847.756970,0.016431,+/-0.000002
AB,critical,36.000000,0.000000,2.000000,0.000000,250.401411,+/-5.877248,0.951155,+/-0.005224,0.000098,+/-0.000008,0.951057,+/-0.005228,1.000105,+/-0.000028,0.000103,+/-0.000019,0.016431,+/-0.000002
AB,normal,11810.000000,407.000000,1947.000000,0.000000,0.763290,+/-0.001567,185.819480,+/-14.969399,184.868423,+/-14.971816,0.951057,+/-0.005228,195.382555,+/-36.047965,194.382553,+/-36.047966,0.016431,+/-0.000002
