Blood type,Priority,(Avg) Patients arrived,CI arrivals,(Avg) Patients dead,CI deaths,(Avg) Patients reneged,CI reneges,Patients in queue,Avg inter-arrival times,CI inter-arrival times,Avg wait,CI wait,Avg delay,CI delay,Avg service time,CI service time,Avg # in the node,CI # in the node,Avg # in the queue,CI # in the queue,Utilization,CI utilization
0,critical,11.352941,+/-5.195680,0.000000,+/-0.000000,0.000000,+/-0.000000,0.000000,18.641169,+/-0.338416,0.000070,+/-0.000004,0.000000,+/-0.000000,0.000070,+/-0.000004,0.001748,+/-0.000177,0.000000,+/-0.000000,0.005374,+/-0.000002
0,normal,9034.529412,+/-4006.346959,624.705882,+/-212.272459,1611.294118,+/-544.666582,0.000000,0.023755,+/-0.000018,368.388975,+/-83.257771,368.351013,+/-83.257751,0.037962,+/-0.000044,8966.413710,+/-1960.233647,8965.469692,+/-1960.243636,0.124888,+/-0.156613
A,critical,6.235294,+/-3.119689,0.000000,+/-0.000000,0.000000,+/-0.000000,0.000000,33.668052,+/-1.259604,0.000104,+/-0.000008,0.000001,+/-0.000000,0.000103,+/-0.000008,0.001671,+/-0.000177,0.000010,+/-0.000004,0.005239,+/-0.000002
A,normal,5816.588235,+/-2579.432261,274.411765,+/-82.021043,991.294118,+/-294.652189,0.000000,0.036931,+/-0.000061,474.214567,+/-109.683740,474.154557,+/-109.683629,0.060010,+/-0.000145,7445.498127,+/-1676.968666,7444.539839,+/-1676.977120,0.125829,+/-0.103894
B,critical,5.647059,+/-2.809911,0.000000,+/-0.000000,0.000000,+/-0.000000,0.000000,39.579456,+/-3.376812,0.000841,+/-0.000082,0.000000,+/-0.000000,0.000841,+/-0.000082,0.004317,+/-0.000429,0.000000,+/-0.000000,0.008446,+/-0.000011
B,normal,2784.705882,+/-1235.075160,260.941176,+/-22.722163,707.882353,+/-54.845247,0.000000,0.077106,+/-0.000142,1374.088333,+/-323.589198,1373.893968,+/-323.589440,0.194365,+/-0.000599,7057.368264,+/-1661.828829,7056.370506,+/-1661.829376,0.128394,+/-0.001116
AB,critical,1.705882,+/-1.024518,0.000000,+/-0.000000,0.000000,+/-0.000000,0.000000,121.136680,+/-4.745424,0.006131,+/-0.001168,0.000000,+/-0.000000,0.006131,+/-0.001168,0.008459,+/-0.001624,0.000000,+/-0.000000,0.011822,+/-0.000160
AB,normal,684.588235,+/-303.709542,34.176471,+/-3.668341,145.647059,+/-5.227383,0.000000,0.312906,+/-0.001240,1345.098679,+/-316.987111,1344.373257,+/-316.986663,0.725422,+/-0.003810,1853.104444,+/-436.759697,1852.104720,+/-436.759561,0.128520,+/-0.000002
