Blood type,Priority,Patients arrived,Patients dead,Patients reneged,Patients in queue,Avg inter-arrival times,CI inter-arrival times,Avg wait,CI wait,Avg delay,CI delay,Avg service time,CI service time,Avg # in the node,CI # in the node,Avg # in the queue,CI # in the queue,Utilization,CI utilization
0,critical,241.000000,0.000000,0.000000,0.000000,17.906497,+/-0.476140,0.050125,+/-0.000053,0.000068,+/-0.000002,0.050057,+/-0.000054,1.001364,+/-0.000031,0.001359,+/-0.000031,0.009410,+/-0.000000
0,normal,160716.000000,15278.000000,25190.000000,0.000000,0.027421,+/-0.000635,1003.903025,+/-66.590793,1003.852968,+/-66.590789,0.050057,+/-0.000054,20050.447230,+/-1327.611694,20049.447226,+/-1327.611694,0.009410,+/-0.000000
A,critical,126.000000,0.000000,0.000000,0.000000,33.506622,+/-0.927613,0.072273,+/-0.000078,0.000059,+/-0.000002,0.072214,+/-0.000077,1.000818,+/-0.000034,0.000813,+/-0.000034,0.009410,+/-0.000000
A,normal,105957.000000,7431.000000,13942.000000,0.000000,0.041779,+/-0.000957,960.965938,+/-63.484802,960.893723,+/-63.484842,0.072214,+/-0.000077,13333.791290,+/-882.644978,13332.791285,+/-882.644979,0.009410,+/-0.000000
B,critical,75.000000,0.000000,0.000000,0.000000,67.538925,+/-2.881505,0.158962,+/-0.000419,0.000056,+/-0.000002,0.158906,+/-0.000418,1.000356,+/-0.000012,0.000352,+/-0.000013,0.009410,+/-0.000000
B,normal,49736.000000,4621.000000,7543.000000,0.000000,0.088434,+/-0.002072,989.354971,+/-65.961837,989.196066,+/-65.961535,0.158906,+/-0.000418,6184.569537,+/-409.938608,6183.569532,+/-409.938609,0.009410,+/-0.000000
AB,critical,27.000000,0.000000,0.000000,0.000000,144.759810,+/-6.291358,0.572539,+/-0.001418,0.000099,+/-0.000005,0.572441,+/-0.001418,1.000177,+/-0.000008,0.000172,+/-0.000008,0.009410,+/-0.000000
AB,normal,12658.000000,670.000000,1245.000000,0.000000,0.351334,+/-0.007938,912.772442,+/-61.197950,912.200002,+/-61.197622,0.572441,+/-0.001418,1591.396713,+/-106.537151,1590.396708,+/-106.537151,0.009410,+/-0.000000
