Blood type,Priority,(Avg) Patients arrived,CI arrivals,(Avg) Patients dead,CI deaths,(Avg) Patients reneged,CI reneges,Patients in queue,Avg inter-arrival times,CI inter-arrival times,Avg wait,CI wait,Avg delay,CI delay,Avg service time,CI service time,Avg # in the node,CI # in the node,Avg # in the queue,CI # in the queue,Utilization,CI utilization
0,critical,10.761905,+/-5.181835,0.000000,+/-0.000000,0.047619,+/-0.099332,0.000000,21.509354,+/-2.738928,0.000071,+/-0.000003,0.000000,+/-0.000000,0.000071,+/-0.000003,0.001228,+/-0.000126,0.000000,+/-0.000000,0.003566,+/-0.000002
0,normal,7103.428571,+/-3220.743146,938.619048,+/-12.257736,1433.285714,+/-13.084878,0.000000,0.032897,+/-0.004179,1334.584121,+/-302.650212,1334.524116,+/-302.646669,0.060005,+/-0.004222,21373.547397,+/-4099.554821,21372.547422,+/-4099.554809,0.101783,+/-0.000000
A,critical,5.523810,+/-2.830340,0.000000,+/-0.000000,0.000000,+/-0.000000,0.000000,41.258548,+/-5.593639,0.000062,+/-0.000004,0.000000,+/-0.000000,0.000062,+/-0.000004,0.000754,+/-0.000084,0.000001,+/-0.000000,0.002793,+/-0.000001
A,normal,4785.142857,+/-2134.535330,469.714286,+/-10.021667,823.000000,+/-10.568947,0.000000,0.049225,+/-0.006133,1278.856159,+/-287.299324,1278.771161,+/-287.295079,0.084999,+/-0.005231,14538.582041,+/-2814.097303,14537.582070,+/-2814.097289,0.101783,+/-0.000000
B,critical,3.238095,+/-1.837232,0.000000,+/-0.000000,0.000000,+/-0.000000,0.000000,67.391537,+/-10.894842,0.000079,+/-0.000009,0.000000,+/-0.000000,0.000079,+/-0.000009,0.000411,+/-0.000066,0.000000,+/-0.000000,0.002063,+/-0.000000
B,normal,2138.190476,+/-964.465898,285.142857,+/-8.549040,429.952381,+/-9.250060,0.000000,0.109843,+/-0.013696,1342.657907,+/-306.254108,1342.456219,+/-306.242813,0.201688,+/-0.013625,6406.332990,+/-1245.275203,6405.333142,+/-1245.275131,0.101777,+/-0.000001
AB,critical,0.904762,+/-0.609090,0.000000,+/-0.000000,0.000000,+/-0.000000,0.000000,258.858610,+/-36.654489,0.000043,+/-0.000005,0.000000,+/-0.000000,0.000043,+/-0.000005,0.000062,+/-0.000011,0.000000,+/-0.000000,0.000803,+/-0.000000
AB,normal,553.142857,+/-240.343334,41.333333,+/-3.308652,75.476190,+/-3.594651,0.000000,0.429980,+/-0.052389,1232.603480,+/-282.526232,1231.893676,+/-282.493206,0.709804,+/-0.040152,1677.021616,+/-332.535463,1676.022204,+/-332.535188,0.101755,+/-0.000011
