Blood type,Priority,Patients arrived,Patients dead,Patients reneged,Patients in queue,Avg inter-arrival times,CI inter-arrival times,Avg wait,CI wait,Avg delay,CI delay,Avg service time,CI service time,Avg # in the node,CI # in the node,Avg # in the queue,CI # in the queue,Utilization,CI utilization
0,critical,0.000000,0.000000,0.000000,0.000000,18.344695,+/-0.522753,0.051356,+/-0.000034,0.000250,+/-0.000008,0.051107,+/-0.000032,1.004895,+/-0.000150,0.004888,+/-0.000150,0.009548,+/-0.000000
0,normal,0.000000,0.000000,0.000000,0.000000,0.028219,+/-0.000672,1078.676188,+/-72.300627,1078.625082,+/-72.300627,0.051107,+/-0.000032,21106.570730,+/-1415.112773,21105.570723,+/-1415.112774,0.009548,+/-0.000000
A,critical,0.000000,0.000000,0.000000,0.000000,32.922404,+/-1.111943,0.073680,+/-0.000102,0.000108,+/-0.000003,0.073573,+/-0.000099,1.001469,+/-0.000046,0.001463,+/-0.000046,0.009548,+/-0.000000
A,normal,0.000000,0.000000,0.000000,0.000000,0.043120,+/-0.001006,1014.882889,+/-68.267207,1014.809316,+/-68.267252,0.073573,+/-0.000099,13825.421072,+/-936.360077,13824.421065,+/-936.360079,0.009548,+/-0.000000
B,critical,0.000000,0.000000,0.000000,0.000000,69.607574,+/-3.066201,0.165487,+/-0.000337,0.000112,+/-0.000005,0.165375,+/-0.000333,1.000684,+/-0.000027,0.000678,+/-0.000028,0.009548,+/-0.000000
B,normal,0.000000,0.000000,0.000000,0.000000,0.091565,+/-0.002156,1073.273054,+/-72.193671,1073.107680,+/-72.193621,0.165375,+/-0.000333,6483.889693,+/-439.069968,6482.889686,+/-439.069970,0.009548,+/-0.000000
AB,critical,0.000000,0.000000,0.000000,0.000000,143.685538,+/-6.080556,0.391377,+/-0.008301,0.000054,+/-0.000002,0.391322,+/-0.008302,1.000151,+/-0.000007,0.000144,+/-0.000006,0.009548,+/-0.000000
AB,normal,0.000000,0.000000,0.000000,0.000000,0.346952,+/-0.008633,95.343735,+/-5.369473,94.952413,+/-5.366093,0.391322,+/-0.008302,243.112055,+/-12.905171,242.112048,+/-12.905172,0.009548,+/-0.000000
